--Clientes

insert into Cliente (cedula, nombreCompleto, puntos, contrasena, correo, usuario, direccion) values ('807917', 'Ross Mulvy', 81, 'eZP5arYrZoY', 'rmulvy0@furl.net', 'rmulvy0', 'Puntarenas');
insert into Cliente (cedula, nombreCompleto, puntos, contrasena, correo, usuario, direccion) values ('604416', 'Robb Gheorghescu', 68, 'MVFF98mFSXU', 'rgheorghescu1@usatoday.com', 'rgheorghescu1', 'Limon');
insert into Cliente (cedula, nombreCompleto, puntos, contrasena, correo, usuario, direccion) values ('787556', 'Roderic Hatliffe', 39, '0T2xK923rwg', 'rhatliffe2@mozilla.org', 'rhatliffe2', 'Limon');
insert into Cliente (cedula, nombreCompleto, puntos, contrasena, correo, usuario, direccion) values ('191885', 'Sibel Rollingson', 92, 'tG9akePxXtDC', 'srollingson3@mashable.com', 'srollingson3', 'Heredia');
insert into Cliente (cedula, nombreCompleto, puntos, contrasena, correo, usuario, direccion) values ('837443', 'Aurelie Claque', 34, 'WHDGVv', 'aclaque4@fc2.com', 'aclaque4', 'Guanacaste');
insert into Cliente (cedula, nombreCompleto, puntos, contrasena, correo, usuario, direccion) values ('738902', 'Cathrine Kemmons', 26, 'X5MuOBA', 'ckemmons5@cornell.edu', 'ckemmons5', 'San Jose');
insert into Cliente (cedula, nombreCompleto, puntos, contrasena, correo, usuario, direccion) values ('288730', 'Mari Northern', 18, 'NwGlOuHLQu', 'mnorthern6@cmu.edu', 'mnorthern6', 'Heredia');
insert into Cliente (cedula, nombreCompleto, puntos, contrasena, correo, usuario, direccion) values ('462087', 'Gilligan Trehearne', 47, 'QnVqHOFv', 'gtrehearne7@joomla.org', 'gtrehearne7', 'Guanacaste');
insert into Cliente (cedula, nombreCompleto, puntos, contrasena, correo, usuario, direccion) values ('264583', 'Law Woolis', 99, 'f8LdJGC', 'lwoolis8@bbb.org', 'lwoolis8', 'Heredia');
insert into Cliente (cedula, nombreCompleto, puntos, contrasena, correo, usuario, direccion) values ('533346', 'Cull Hagard', 41, 'kTut64Eosh', 'chagard9@dyndns.org', 'chagard9', 'Puntarenas');
insert into Cliente (cedula, nombreCompleto, puntos, contrasena, correo, usuario, direccion) values ('368284', 'My Crutch', 32, 'RyLFDY6', 'mcrutcha@gravatar.com', 'mcrutcha', 'Heredia');
insert into Cliente (cedula, nombreCompleto, puntos, contrasena, correo, usuario, direccion) values ('639574', 'Viviana Southcott', 14, 'vfk0zWCsx', 'vsouthcottb@ebay.co.uk', 'vsouthcottb', 'Cartago');
insert into Cliente (cedula, nombreCompleto, puntos, contrasena, correo, usuario, direccion) values ('309677', 'Edeline Braiden', 63, '7xjwzTqfc', 'ebraidenc@nsw.gov.au', 'ebraidenc', 'Cartago');
insert into Cliente (cedula, nombreCompleto, puntos, contrasena, correo, usuario, direccion) values ('281695', 'Gardener MacCourt', 97, 'K0NzUYB1', 'gmaccourtd@blinklist.com', 'gmaccourtd', 'Limon');
insert into Cliente (cedula, nombreCompleto, puntos, contrasena, correo, usuario, direccion) values ('497099', 'Brianna Beresfore', 94, 'DbsbP48oeR', 'bberesforee@technorati.com', 'bberesforee', 'Limon');
insert into Cliente (cedula, nombreCompleto, puntos, contrasena, correo, usuario, direccion) values ('407046', 'Loni Devlin', 68, 'aA36GV', 'ldevlinf@dyndns.org', 'ldevlinf', 'Limon');
insert into Cliente (cedula, nombreCompleto, puntos, contrasena, correo, usuario, direccion) values ('291929', 'Hyacintha Borres', 6, 'ymCQwe8LNHL', 'hborresg@wp.com', 'hborresg', 'San Jose');
insert into Cliente (cedula, nombreCompleto, puntos, contrasena, correo, usuario, direccion) values ('323337', 'Mommy Otton', 38, 'nN1ZbvBl', 'mottonh@nhs.uk', 'mottonh', 'Guanacaste');
insert into Cliente (cedula, nombreCompleto, puntos, contrasena, correo, usuario, direccion) values ('643408', 'Adler Farr', 85, 'CIn2O38a', 'afarri@mashable.com', 'afarri', 'Guanacaste');
insert into Cliente (cedula, nombreCompleto, puntos, contrasena, correo, usuario, direccion) values ('882207', 'Schuyler Scown', 51, 'lieVNxsX5mp8', 'sscownj@china.com.cn', 'sscownj', 'Puntarenas');
insert into Cliente (cedula, nombreCompleto, puntos, contrasena, correo, usuario, direccion) values ('540955', 'Chic Symcoxe', 18, 'BmpCj7', 'csymcoxek@mozilla.org', 'csymcoxek', 'San Jose');
insert into Cliente (cedula, nombreCompleto, puntos, contrasena, correo, usuario, direccion) values ('315579', 'Easter Bergeau', 81, '9UKJcPRvdtCx', 'ebergeaul@si.edu', 'ebergeaul', 'Heredia');
insert into Cliente (cedula, nombreCompleto, puntos, contrasena, correo, usuario, direccion) values ('654627', 'Jerrie Older', 37, 'vcIIOnCI', 'jolderm@dot.gov', 'jolderm', 'Limon');
insert into Cliente (cedula, nombreCompleto, puntos, contrasena, correo, usuario, direccion) values ('520762', 'Jewell Cleugher', 8, 'gB3VSK9hKD', 'jcleughern@google.cn', 'jcleughern', 'Guanacaste');
insert into Cliente (cedula, nombreCompleto, puntos, contrasena, correo, usuario, direccion) values ('408763', 'Royce Westwick', 46, 'XlwNtwQaObKi', 'rwestwicko@cyberchimps.com', 'rwestwicko', 'Heredia');
insert into Cliente (cedula, nombreCompleto, puntos, contrasena, correo, usuario, direccion) values ('418163', 'Bancroft Staneland', 27, 'NEHORPB', 'bstanelandp@patch.com', 'bstanelandp', 'Heredia');
insert into Cliente (cedula, nombreCompleto, puntos, contrasena, correo, usuario, direccion) values ('277639', 'Vinnie Rickis', 73, 'xG1got', 'vrickisq@dailymotion.com', 'vrickisq', 'Limon');
insert into Cliente (cedula, nombreCompleto, puntos, contrasena, correo, usuario, direccion) values ('682643', 'Irena Sommerling', 24, 'nOsYE58', 'isommerlingr@geocities.com', 'isommerlingr', 'Alajuela');
insert into Cliente (cedula, nombreCompleto, puntos, contrasena, correo, usuario, direccion) values ('596145', 'Archy Baumadier', 31, 'iFIwrgHd', 'abaumadiers@mediafire.com', 'abaumadiers', 'Puntarenas');
insert into Cliente (cedula, nombreCompleto, puntos, contrasena, correo, usuario, direccion) values ('283795', 'Riva Ralston', 86, 'c61d1KO', 'rralstont@prlog.org', 'rralstont', 'San Jose');
insert into Cliente (cedula, nombreCompleto, puntos, contrasena, correo, usuario, direccion) values ('753053', 'Sollie Bartoloma', 51, '5MQSDWzL', 'sbartolomau@noaa.gov', 'sbartolomau', 'Alajuela');
insert into Cliente (cedula, nombreCompleto, puntos, contrasena, correo, usuario, direccion) values ('556258', 'Klemens Goundsy', 45, 'q2oAlPCrj', 'kgoundsyv@unesco.org', 'kgoundsyv', 'Cartago');
insert into Cliente (cedula, nombreCompleto, puntos, contrasena, correo, usuario, direccion) values ('441729', 'Isabeau Einchcombe', 88, 'ySMu9r', 'ieinchcombew@msu.edu', 'ieinchcombew', 'Cartago');
insert into Cliente (cedula, nombreCompleto, puntos, contrasena, correo, usuario, direccion) values ('211888', 'Elane Port', 35, 'SJsg6QuM', 'eportx@yolasite.com', 'eportx', 'Guanacaste');
insert into Cliente (cedula, nombreCompleto, puntos, contrasena, correo, usuario, direccion) values ('613635', 'Amelia Honnan', 1, 'tV1SL9dJF3', 'ahonnany@geocities.com', 'ahonnany', 'San Jose');
insert into Cliente (cedula, nombreCompleto, puntos, contrasena, correo, usuario, direccion) values ('602540', 'Kerry Admans', 80, 'y9gORGEt8S', 'kadmansz@netvibes.com', 'kadmansz', 'Heredia');
insert into Cliente (cedula, nombreCompleto, puntos, contrasena, correo, usuario, direccion) values ('783408', 'Rois Siddle', 53, 'w8eGUjqlen', 'rsiddle10@vimeo.com', 'rsiddle10', 'Cartago');
insert into Cliente (cedula, nombreCompleto, puntos, contrasena, correo, usuario, direccion) values ('199612', 'Aleece Reiach', 53, 'xN3osFa', 'areiach11@sohu.com', 'areiach11', 'Alajuela');
insert into Cliente (cedula, nombreCompleto, puntos, contrasena, correo, usuario, direccion) values ('431001', 'Georgeta Kornousek', 66, 'xx32uJpB3naQ', 'gkornousek12@icio.us', 'gkornousek12', 'Alajuela');
insert into Cliente (cedula, nombreCompleto, puntos, contrasena, correo, usuario, direccion) values ('449635', 'Kerwinn Farrear', 11, 'FVHATqeb', 'kfarrear13@ning.com', 'kfarrear13', 'Heredia');
insert into Cliente (cedula, nombreCompleto, puntos, contrasena, correo, usuario, direccion) values ('659373', 'Jakob Edgeley', 88, '3pu360f', 'jedgeley14@eepurl.com', 'jedgeley14', 'Puntarenas');
insert into Cliente (cedula, nombreCompleto, puntos, contrasena, correo, usuario, direccion) values ('688532', 'Cassy Minkin', 63, 'ySlZvDVxQupD', 'cminkin15@ezinearticles.com', 'cminkin15', 'Cartago');
insert into Cliente (cedula, nombreCompleto, puntos, contrasena, correo, usuario, direccion) values ('355358', 'Lurline Leile', 77, 'aHt6kGlrk', 'lleile16@pbs.org', 'lleile16', 'Heredia');
insert into Cliente (cedula, nombreCompleto, puntos, contrasena, correo, usuario, direccion) values ('687627', 'Calypso Classen', 96, 'UpTfw4I5zZ', 'cclassen17@dell.com', 'cclassen17', 'Puntarenas');
insert into Cliente (cedula, nombreCompleto, puntos, contrasena, correo, usuario, direccion) values ('164593', 'Loise Gouley', 45, 'WL2DPaMN6Mmx', 'lgouley18@twitpic.com', 'lgouley18', 'Guanacaste');
insert into Cliente (cedula, nombreCompleto, puntos, contrasena, correo, usuario, direccion) values ('390146', 'Hilliard Baff', 11, 'se1oMV4p', 'hbaff19@de.vu', 'hbaff19', 'Puntarenas');
insert into Cliente (cedula, nombreCompleto, puntos, contrasena, correo, usuario, direccion) values ('739169', 'Karel Uebel', 57, '9m4Y6hYVJ9', 'kuebel1a@twitter.com', 'kuebel1a', 'San Jose');
insert into Cliente (cedula, nombreCompleto, puntos, contrasena, correo, usuario, direccion) values ('808509', 'Gallard Weddell', 60, 'BYrIkPQ4', 'gweddell1b@yellowbook.com', 'gweddell1b', 'Puntarenas');
insert into Cliente (cedula, nombreCompleto, puntos, contrasena, correo, usuario, direccion) values ('172296', 'Fiona Belcham', 41, 'trWSdcnUP', 'fbelcham1c@goo.ne.jp', 'fbelcham1c', 'San Jose');
insert into Cliente (cedula, nombreCompleto, puntos, contrasena, correo, usuario, direccion) values ('746602', 'Cher Rene', 1, 'BqBied2V6RY', 'crene1d@nasa.gov', 'crene1d', 'Heredia');
insert into Cliente (cedula, nombreCompleto, puntos, contrasena, correo, usuario, direccion) values ('541706', 'Julissa Wylam', 19, 'BegyITwohF1', 'jwylam1e@simplemachines.org', 'jwylam1e', 'Limon');
insert into Cliente (cedula, nombreCompleto, puntos, contrasena, correo, usuario, direccion) values ('386621', 'Maximilianus von Hagt', 73, '4tM7GL', 'mvon1f@ucoz.com', 'mvon1f', 'Puntarenas');
insert into Cliente (cedula, nombreCompleto, puntos, contrasena, correo, usuario, direccion) values ('477542', 'Brennen Howford', 44, 'ELhFOG14', 'bhowford1g@cafepress.com', 'bhowford1g', 'Limon');
insert into Cliente (cedula, nombreCompleto, puntos, contrasena, correo, usuario, direccion) values ('827282', 'Terrance Borrel', 11, 'jEw9Nm', 'tborrel1h@qq.com', 'tborrel1h', 'Puntarenas');
insert into Cliente (cedula, nombreCompleto, puntos, contrasena, correo, usuario, direccion) values ('512687', 'Lilias Tomaselli', 29, 'KRDzbc', 'ltomaselli1i@sogou.com', 'ltomaselli1i', 'Heredia');
insert into Cliente (cedula, nombreCompleto, puntos, contrasena, correo, usuario, direccion) values ('226672', 'Glenna Shilton', 85, 'hChcBAqY', 'gshilton1j@surveymonkey.com', 'gshilton1j', 'Heredia');
insert into Cliente (cedula, nombreCompleto, puntos, contrasena, correo, usuario, direccion) values ('816744', 'Minnaminnie Crinkley', 62, 'QnqJw5', 'mcrinkley1k@slideshare.net', 'mcrinkley1k', 'Heredia');
insert into Cliente (cedula, nombreCompleto, puntos, contrasena, correo, usuario, direccion) values ('439412', 'Seana Currm', 75, 'ORqPyv2ER', 'scurrm1l@barnesandnoble.com', 'scurrm1l', 'Limon');
insert into Cliente (cedula, nombreCompleto, puntos, contrasena, correo, usuario, direccion) values ('652525', 'Northrup Pickle', 53, 'g6CTGCOH', 'npickle1m@biblegateway.com', 'npickle1m', 'Cartago');
insert into Cliente (cedula, nombreCompleto, puntos, contrasena, correo, usuario, direccion) values ('230790', 'Gusta Bakhrushin', 8, 'tF0bER0Tpg', 'gbakhrushin1n@booking.com', 'gbakhrushin1n', 'Guanacaste');
insert into Cliente (cedula, nombreCompleto, puntos, contrasena, correo, usuario, direccion) values ('411982', 'Britte Gant', 86, 'JXlk4SqUtbI', 'bgant1o@webs.com', 'bgant1o', 'Heredia');
insert into Cliente (cedula, nombreCompleto, puntos, contrasena, correo, usuario, direccion) values ('697430', 'Camile Gathercoal', 19, 'buCOlSr', 'cgathercoal1p@cyberchimps.com', 'cgathercoal1p', 'Puntarenas');
insert into Cliente (cedula, nombreCompleto, puntos, contrasena, correo, usuario, direccion) values ('381620', 'Jerry Pask', 60, 'gX2GbmoBR', 'jpask1q@indiegogo.com', 'jpask1q', 'Puntarenas');
insert into Cliente (cedula, nombreCompleto, puntos, contrasena, correo, usuario, direccion) values ('579006', 'Marsha Trevains', 7, 'Pxv2lXV00XPw', 'mtrevains1r@phpbb.com', 'mtrevains1r', 'San Jose');
insert into Cliente (cedula, nombreCompleto, puntos, contrasena, correo, usuario, direccion) values ('764812', 'Francisco Gebhardt', 90, '6Tp1DtedQ', 'fgebhardt1s@psu.edu', 'fgebhardt1s', 'Limon');
insert into Cliente (cedula, nombreCompleto, puntos, contrasena, correo, usuario, direccion) values ('287619', 'Alley Mattiessen', 89, 'Gm7FH00BE1', 'amattiessen1t@answers.com', 'amattiessen1t', 'Cartago');
insert into Cliente (cedula, nombreCompleto, puntos, contrasena, correo, usuario, direccion) values ('159080', 'Neddy Vakhrushev', 27, 'atQWpDEgih9O', 'nvakhrushev1u@blinklist.com', 'nvakhrushev1u', 'San Jose');
insert into Cliente (cedula, nombreCompleto, puntos, contrasena, correo, usuario, direccion) values ('610297', 'Jodi Sieb', 10, 'GURxDVOgrr', 'jsieb1v@wufoo.com', 'jsieb1v', 'San Jose');
insert into Cliente (cedula, nombreCompleto, puntos, contrasena, correo, usuario, direccion) values ('522024', 'Man Churchin', 64, 'zJ5HB9X4d', 'mchurchin1w@upenn.edu', 'mchurchin1w', 'Puntarenas');
insert into Cliente (cedula, nombreCompleto, puntos, contrasena, correo, usuario, direccion) values ('290847', 'Cassandra Clemow', 67, 'n2PWBNtG', 'cclemow1x@intel.com', 'cclemow1x', 'Guanacaste');
insert into Cliente (cedula, nombreCompleto, puntos, contrasena, correo, usuario, direccion) values ('357112', 'Grady Kellett', 26, 'ZVl284ZxtoP', 'gkellett1y@e-recht24.de', 'gkellett1y', 'Heredia');
insert into Cliente (cedula, nombreCompleto, puntos, contrasena, correo, usuario, direccion) values ('425507', 'Eamon Shoppee', 78, 'zst4Fg1yr4cA', 'eshoppee1z@apache.org', 'eshoppee1z', 'Limon');
insert into Cliente (cedula, nombreCompleto, puntos, contrasena, correo, usuario, direccion) values ('498161', 'Sanders Pearton', 55, 'aERb37qseTk9', 'spearton20@abc.net.au', 'spearton20', 'Alajuela');
insert into Cliente (cedula, nombreCompleto, puntos, contrasena, correo, usuario, direccion) values ('449319', 'Raymund Hallad', 61, 'aVxgTYvzXSL', 'rhallad21@mysql.com', 'rhallad21', 'Cartago');
insert into Cliente (cedula, nombreCompleto, puntos, contrasena, correo, usuario, direccion) values ('303966', 'Anastassia Quartermaine', 78, 'BhDAfQLUi8', 'aquartermaine22@noaa.gov', 'aquartermaine22', 'Guanacaste');
insert into Cliente (cedula, nombreCompleto, puntos, contrasena, correo, usuario, direccion) values ('475592', 'Nixie Freiburger', 7, '5ccfkoHU', 'nfreiburger23@howstuffworks.com', 'nfreiburger23', 'Heredia');
insert into Cliente (cedula, nombreCompleto, puntos, contrasena, correo, usuario, direccion) values ('644065', 'Sawyere Sleicht', 93, 'eQI5cfMBU', 'ssleicht24@yellowpages.com', 'ssleicht24', 'San Jose');
insert into Cliente (cedula, nombreCompleto, puntos, contrasena, correo, usuario, direccion) values ('609115', 'Laryssa Pryn', 70, 'fLFV6D1vxX', 'lpryn25@bloglines.com', 'lpryn25', 'Guanacaste');
insert into Cliente (cedula, nombreCompleto, puntos, contrasena, correo, usuario, direccion) values ('555979', 'Enrika Antoney', 76, 'WiB5oHyGJHb', 'eantoney26@reddit.com', 'eantoney26', 'Guanacaste');
insert into Cliente (cedula, nombreCompleto, puntos, contrasena, correo, usuario, direccion) values ('264274', 'Gordie Ughi', 72, 'QghseKj', 'gughi27@google.com.br', 'gughi27', 'Heredia');
insert into Cliente (cedula, nombreCompleto, puntos, contrasena, correo, usuario, direccion) values ('238383', 'Ossie Cowles', 83, 'Ua01cqMMC', 'ocowles28@wikimedia.org', 'ocowles28', 'Puntarenas');
insert into Cliente (cedula, nombreCompleto, puntos, contrasena, correo, usuario, direccion) values ('672426', 'Star Siveyer', 13, 'iZriT8bIv123', 'ssiveyer29@theguardian.com', 'ssiveyer29', 'Heredia');
insert into Cliente (cedula, nombreCompleto, puntos, contrasena, correo, usuario, direccion) values ('618662', 'Aeriel Melia', 89, 'cV9WiKt', 'amelia2a@statcounter.com', 'amelia2a', 'Cartago');
insert into Cliente (cedula, nombreCompleto, puntos, contrasena, correo, usuario, direccion) values ('239316', 'Odell Harrald', 16, 'cl3iJo', 'oharrald2b@nsw.gov.au', 'oharrald2b', 'Puntarenas');
insert into Cliente (cedula, nombreCompleto, puntos, contrasena, correo, usuario, direccion) values ('666993', 'Gilbert Billo', 24, 'LmhBOhoVaHVl', 'gbillo2c@businessinsider.com', 'gbillo2c', 'Alajuela');
insert into Cliente (cedula, nombreCompleto, puntos, contrasena, correo, usuario, direccion) values ('456986', 'Jsandye Allenson', 84, 'LmVxC6dXsPE', 'jallenson2d@phpbb.com', 'jallenson2d', 'Alajuela');
insert into Cliente (cedula, nombreCompleto, puntos, contrasena, correo, usuario, direccion) values ('128991', 'Myriam Blazic', 79, 'PMDmuy', 'mblazic2e@usda.gov', 'mblazic2e', 'Guanacaste');
insert into Cliente (cedula, nombreCompleto, puntos, contrasena, correo, usuario, direccion) values ('843994', 'Renado Scally', 96, 'iGXLd9Tsy', 'rscally2f@skype.com', 'rscally2f', 'Puntarenas');
insert into Cliente (cedula, nombreCompleto, puntos, contrasena, correo, usuario, direccion) values ('689206', 'Lawrence Earley', 79, 'LOArHZEdn9', 'learley2g@cnn.com', 'learley2g', 'San Jose');
insert into Cliente (cedula, nombreCompleto, puntos, contrasena, correo, usuario, direccion) values ('826597', 'Pavel Pakenham', 5, '2rfLsWHWAAp', 'ppakenham2h@digg.com', 'ppakenham2h', 'Heredia');
insert into Cliente (cedula, nombreCompleto, puntos, contrasena, correo, usuario, direccion) values ('290309', 'Nicki O''Dennehy', 53, '5idZmLLAG', 'nodennehy2i@fc2.com', 'nodennehy2i', 'San Jose');
insert into Cliente (cedula, nombreCompleto, puntos, contrasena, correo, usuario, direccion) values ('448965', 'Gabie Crowth', 64, 's1Twkfg4Ek', 'gcrowth2j@yolasite.com', 'gcrowth2j', 'Guanacaste');
insert into Cliente (cedula, nombreCompleto, puntos, contrasena, correo, usuario, direccion) values ('146044', 'Dayle Grodden', 95, 'bisrtfCQzIs', 'dgrodden2k@mapquest.com', 'dgrodden2k', 'Puntarenas');
insert into Cliente (cedula, nombreCompleto, puntos, contrasena, correo, usuario, direccion) values ('661971', 'Bathsheba Alpes', 65, '1Sd0cj', 'balpes2l@hostgator.com', 'balpes2l', 'Cartago');
insert into Cliente (cedula, nombreCompleto, puntos, contrasena, correo, usuario, direccion) values ('715083', 'Humfried Schulkins', 48, 'ulHkD7p', 'hschulkins2m@sphinn.com', 'hschulkins2m', 'Alajuela');
insert into Cliente (cedula, nombreCompleto, puntos, contrasena, correo, usuario, direccion) values ('401723', 'Kimberli Doy', 25, 'VINBYuWUJ', 'kdoy2n@bluehost.com', 'kdoy2n', 'San Jose');
insert into Cliente (cedula, nombreCompleto, puntos, contrasena, correo, usuario, direccion) values ('517225', 'L;urette Christofor', 83, 'tGOr3MIjue', 'lchristofor2o@arstechnica.com', 'lchristofor2o', 'Heredia');
insert into Cliente (cedula, nombreCompleto, puntos, contrasena, correo, usuario, direccion) values ('880726', 'Rosanna Vsanelli', 84, '6hsxjDkFXkvp', 'rvsanelli2p@netlog.com', 'rvsanelli2p', 'San Jose');
insert into Cliente (cedula, nombreCompleto, puntos, contrasena, correo, usuario, direccion) values ('701493', 'Filia Drakeley', 14, 'tFzMDN', 'fdrakeley2q@smh.com.au', 'fdrakeley2q', 'Heredia');
insert into Cliente (cedula, nombreCompleto, puntos, contrasena, correo, usuario, direccion) values ('377502', 'Marlow Doppler', 93, 'IPneZH', 'mdoppler2r@guardian.co.uk', 'mdoppler2r', 'Puntarenas');

-- Trabajador

insert into Trabajador (cedula, nombre, apellidos, contrasena, fechaNacimiento, edad, fechaIngreso, rol, isGerente, tipoPago) values (932332, 'Sean', 'Holyland', 'uqyNGUp', '11/12/1973', 49, '11/14/2001', 'Administracion', 0, 'Quincenal');
insert into Trabajador (cedula, nombre, apellidos, contrasena, fechaNacimiento, edad, fechaIngreso, rol, isGerente, tipoPago) values (965623, 'Gustie', 'Meller', 'd9gycgQZVcd', '10/29/1960', 62, '04/17/2002', 'Limpieza', 0, 'Quincenal');
insert into Trabajador (cedula, nombre, apellidos, contrasena, fechaNacimiento, edad, fechaIngreso, rol, isGerente, tipoPago) values (950169, 'Elsinore', 'Ceci', 'Q3vhgU', '03/16/1974', 49, '04/13/2012', 'Administracion', 0, 'Semanal');
insert into Trabajador (cedula, nombre, apellidos, contrasena, fechaNacimiento, edad, fechaIngreso, rol, isGerente, tipoPago) values (939149, 'Joyce', 'Blackater', 'wnkLWrUD2wY', '03/04/1980', 43, '10/12/2014', 'Lavado', 0, 'Mensual');
insert into Trabajador (cedula, nombre, apellidos, contrasena, fechaNacimiento, edad, fechaIngreso, rol, isGerente, tipoPago) values (935998, 'Jesse', 'Badger', 'Gznam2Z', '11/19/1959', 63, '03/19/2001', 'Secretaria', 0, 'Quincenal');
insert into Trabajador (cedula, nombre, apellidos, contrasena, fechaNacimiento, edad, fechaIngreso, rol, isGerente, tipoPago) values (960532, 'Gerty', 'Haggas', 'a6WNVGH', '01/23/1984', 39, '04/23/2006', 'Secretaria', 0, 'Quincenal');
insert into Trabajador (cedula, nombre, apellidos, contrasena, fechaNacimiento, edad, fechaIngreso, rol, isGerente, tipoPago) values (924051, 'Noe', 'Hepher', 'rnjJvx', '03/15/1963', 60, '05/24/2012', 'Recursos Humanos', 0, 'Semanal');
insert into Trabajador (cedula, nombre, apellidos, contrasena, fechaNacimiento, edad, fechaIngreso, rol, isGerente, tipoPago) values (954121, 'Mireille', 'Cleef', 'Hql7UDg', '07/29/1993', 29, '07/07/2003', 'Recursos Humanos', 0, 'Quincenal');
insert into Trabajador (cedula, nombre, apellidos, contrasena, fechaNacimiento, edad, fechaIngreso, rol, isGerente, tipoPago) values (968660, 'Olivier', 'Rubinovitsch', 'BUkcPn0jU', '04/28/1968', 55, '12/27/2002', 'Secretaria', 0, 'Semanal');
insert into Trabajador (cedula, nombre, apellidos, contrasena, fechaNacimiento, edad, fechaIngreso, rol, isGerente, tipoPago) values (961979, 'Gui', 'Espinola', 'oiP7OAm48XY', '01/31/1991', 32, '08/08/2001', 'Lavado', 0, 'Semanal');
insert into Trabajador (cedula, nombre, apellidos, contrasena, fechaNacimiento, edad, fechaIngreso, rol, isGerente, tipoPago) values (968217, 'Temple', 'MacAscaidh', 'OYHXoIc', '12/31/1985', 37, '03/30/2012', 'Lavado', 0, 'Semanal');
insert into Trabajador (cedula, nombre, apellidos, contrasena, fechaNacimiento, edad, fechaIngreso, rol, isGerente, tipoPago) values (915907, 'Chrissy', 'Leefe', 'isEDHW', '10/13/1999', 23, '06/03/2002', 'Secretaria', 0, 'Quincenal');
insert into Trabajador (cedula, nombre, apellidos, contrasena, fechaNacimiento, edad, fechaIngreso, rol, isGerente, tipoPago) values (929967, 'Emma', 'Paddie', '7CTKWcKh8OOH', '08/23/1969', 53, '08/01/2003', 'Recursos Humanos', 0, 'Semanal');
insert into Trabajador (cedula, nombre, apellidos, contrasena, fechaNacimiento, edad, fechaIngreso, rol, isGerente, tipoPago) values (925144, 'Jarret', 'Wycliff', 'uM3UzXxbc', '10/07/1975', 47, '10/25/2015', 'Lavado', 0, 'Semanal');
insert into Trabajador (cedula, nombre, apellidos, contrasena, fechaNacimiento, edad, fechaIngreso, rol, isGerente, tipoPago) values (892745, 'Noelyn', 'Scurlock', '9hNxa5Z0PqZ1', '03/03/1972', 51, '05/16/2006', 'Limpieza', 0, 'Quincenal');
insert into Trabajador (cedula, nombre, apellidos, contrasena, fechaNacimiento, edad, fechaIngreso, rol, isGerente, tipoPago) values (973523, 'Leoine', 'Pantlin', '50MUUUwsAdM', '04/20/1979', 44, '09/23/2015', 'Gerencia', 1, 'Quincenal');
insert into Trabajador (cedula, nombre, apellidos, contrasena, fechaNacimiento, edad, fechaIngreso, rol, isGerente, tipoPago) values (905029, 'Laurent', 'Foulsham', 'gjOgvt3s', '11/21/1981', 41, '05/24/2022', 'Administracion', 0, 'Mensual');
insert into Trabajador (cedula, nombre, apellidos, contrasena, fechaNacimiento, edad, fechaIngreso, rol, isGerente, tipoPago) values (926871, 'Basia', 'Clackson', '70kbiShi9ys', '12/25/1995', 27, '05/20/2006', 'Recursos Humanos', 0, 'Semanal');
insert into Trabajador (cedula, nombre, apellidos, contrasena, fechaNacimiento, edad, fechaIngreso, rol, isGerente, tipoPago) values (935686, 'Renelle', 'Ertel', 'O1eYZV', '10/07/1979', 43, '09/04/2012', 'Recursos Humanos', 0, 'Quincenal');
insert into Trabajador (cedula, nombre, apellidos, contrasena, fechaNacimiento, edad, fechaIngreso, rol, isGerente, tipoPago) values (995996, 'Muffin', 'Smallman', '8Axth8ct', '01/20/1990', 33, '04/01/2010', 'Administracion', 0, 'Semanal');
insert into Trabajador (cedula, nombre, apellidos, contrasena, fechaNacimiento, edad, fechaIngreso, rol, isGerente, tipoPago) values (980961, 'Robbert', 'Pettko', 'PgcFILy', '10/28/1998', 24, '04/04/2013', 'Secretaria', 0, 'Quincenal');
insert into Trabajador (cedula, nombre, apellidos, contrasena, fechaNacimiento, edad, fechaIngreso, rol, isGerente, tipoPago) values (982611, 'Layney', 'Knotte', 'gJbrRL212', '02/19/1974', 49, '02/12/2009', 'Gerencia', 1, 'Semanal');
insert into Trabajador (cedula, nombre, apellidos, contrasena, fechaNacimiento, edad, fechaIngreso, rol, isGerente, tipoPago) values (924740, 'Petr', 'McGauhy', 'jTfLz0m', '10/13/1962', 60, '01/16/2003', 'Gerencia', 1, 'Mensual');
insert into Trabajador (cedula, nombre, apellidos, contrasena, fechaNacimiento, edad, fechaIngreso, rol, isGerente, tipoPago) values (982423, 'Zahara', 'Flintoft', 'e8hfnWdFB', '05/13/1994', 28, '12/29/2020', 'Administracion', 0, 'Semanal');
insert into Trabajador (cedula, nombre, apellidos, contrasena, fechaNacimiento, edad, fechaIngreso, rol, isGerente, tipoPago) values (966057, 'Willa', 'Ert', 'D3SKa1ZRHfA', '02/20/1963', 60, '05/25/2022', 'Gerencia', 1, 'Quincenal');
insert into Trabajador (cedula, nombre, apellidos, contrasena, fechaNacimiento, edad, fechaIngreso, rol, isGerente, tipoPago) values (975481, 'Maud', 'Geaney', 'x8QqBNEio8', '02/26/1978', 45, '10/16/2018', 'Limpieza', 0, 'Semanal');
insert into Trabajador (cedula, nombre, apellidos, contrasena, fechaNacimiento, edad, fechaIngreso, rol, isGerente, tipoPago) values (922957, 'Germayne', 'Kirtland', 'zb1aNiDVQGK4', '11/05/1995', 27, '03/04/2020', 'Gerencia', 1, 'Semanal');
insert into Trabajador (cedula, nombre, apellidos, contrasena, fechaNacimiento, edad, fechaIngreso, rol, isGerente, tipoPago) values (996916, 'Christye', 'Dunphie', '7oxkakev', '10/06/1983', 39, '06/29/2012', 'Administracion', 0, 'Quincenal');
insert into Trabajador (cedula, nombre, apellidos, contrasena, fechaNacimiento, edad, fechaIngreso, rol, isGerente, tipoPago) values (893342, 'Hugh', 'Tiley', 'XL8TCNnMumK6', '07/11/1989', 33, '02/01/2011', 'Limpieza', 0, 'Semanal');
insert into Trabajador (cedula, nombre, apellidos, contrasena, fechaNacimiento, edad, fechaIngreso, rol, isGerente, tipoPago) values (948710, 'Land', 'Bence', 'BLWaxhi7P1', '01/31/1960', 63, '03/15/2012', 'Lavado', 0, 'Quincenal');
insert into Trabajador (cedula, nombre, apellidos, contrasena, fechaNacimiento, edad, fechaIngreso, rol, isGerente, tipoPago) values (909640, 'Antoinette', 'Langstone', 'fxGXAWGS', '03/08/1984', 39, '11/17/2010', 'Recursos Humanos', 0, 'Mensual');
insert into Trabajador (cedula, nombre, apellidos, contrasena, fechaNacimiento, edad, fechaIngreso, rol, isGerente, tipoPago) values (971055, 'Kippar', 'Coolbear', 'p0VicO', '03/11/1985', 38, '03/04/2006', 'Lavado', 0, 'Mensual');
insert into Trabajador (cedula, nombre, apellidos, contrasena, fechaNacimiento, edad, fechaIngreso, rol, isGerente, tipoPago) values (918042, 'Nina', 'Anshell', 'Jf1syAP7ovi', '06/19/1994', 28, '04/25/2004', 'Administracion', 0, 'Mensual');
insert into Trabajador (cedula, nombre, apellidos, contrasena, fechaNacimiento, edad, fechaIngreso, rol, isGerente, tipoPago) values (946378, 'Haze', 'Dodgshun', 'LHHB9aVf2DE', '02/17/1995', 28, '06/08/2019', 'Secretaria', 0, 'Mensual');
insert into Trabajador (cedula, nombre, apellidos, contrasena, fechaNacimiento, edad, fechaIngreso, rol, isGerente, tipoPago) values (988140, 'Jaquenette', 'Toone', 'mewbB8gvPtx', '03/24/1960', 63, '03/26/2019', 'Gerencia', 1, 'Semanal');
insert into Trabajador (cedula, nombre, apellidos, contrasena, fechaNacimiento, edad, fechaIngreso, rol, isGerente, tipoPago) values (921911, 'Garrek', 'Jowitt', 'wA1r7OlRUI', '12/26/1970', 52, '02/09/2009', 'Administracion', 0, 'Quincenal');
insert into Trabajador (cedula, nombre, apellidos, contrasena, fechaNacimiento, edad, fechaIngreso, rol, isGerente, tipoPago) values (931460, 'Norry', 'Codlin', 'JLLS2itfzFyX', '07/31/1996', 26, '04/29/2019', 'Gerencia', 1, 'Semanal');
insert into Trabajador (cedula, nombre, apellidos, contrasena, fechaNacimiento, edad, fechaIngreso, rol, isGerente, tipoPago) values (906319, 'Vita', 'Ciccottini', 'otWAq3W0mGF', '01/27/1961', 62, '09/27/2020', 'Gerencia', 1, 'Semanal');
insert into Trabajador (cedula, nombre, apellidos, contrasena, fechaNacimiento, edad, fechaIngreso, rol, isGerente, tipoPago) values (952008, 'Gene', 'Ivanov', '22mFJ0rXcXX', '09/13/1966', 56, '07/30/2019', 'Lavado', 0, 'Semanal');
insert into Trabajador (cedula, nombre, apellidos, contrasena, fechaNacimiento, edad, fechaIngreso, rol, isGerente, tipoPago) values (953742, 'Eydie', 'Doherty', 'SyUMl1EURaLg', '10/26/1978', 44, '09/05/2022', 'Recursos Humanos', 0, 'Semanal');
insert into Trabajador (cedula, nombre, apellidos, contrasena, fechaNacimiento, edad, fechaIngreso, rol, isGerente, tipoPago) values (917834, 'Annabal', 'Infantino', '2E9UJjpkMSix', '04/28/1999', 24, '02/14/2022', 'Gerencia', 1, 'Semanal');
insert into Trabajador (cedula, nombre, apellidos, contrasena, fechaNacimiento, edad, fechaIngreso, rol, isGerente, tipoPago) values (916840, 'Nancee', 'Garnett', '5H4Y2IjuJbIj', '11/27/1997', 25, '09/10/2011', 'Secretaria', 0, 'Semanal');
insert into Trabajador (cedula, nombre, apellidos, contrasena, fechaNacimiento, edad, fechaIngreso, rol, isGerente, tipoPago) values (901757, 'Nickola', 'Bednell', 'DsxNd1', '01/07/1977', 46, '10/09/2021', 'Lavado', 0, 'Mensual');
insert into Trabajador (cedula, nombre, apellidos, contrasena, fechaNacimiento, edad, fechaIngreso, rol, isGerente, tipoPago) values (992426, 'Phebe', 'Giamitti', 'iLAqRRkmTHym', '09/17/1968', 54, '12/27/2018', 'Recursos Humanos', 0, 'Mensual');
insert into Trabajador (cedula, nombre, apellidos, contrasena, fechaNacimiento, edad, fechaIngreso, rol, isGerente, tipoPago) values (982473, 'Shela', 'Messruther', 'CrbZTMp1Na', '06/16/1975', 47, '07/25/2007', 'Recursos Humanos', 0, 'Semanal');
insert into Trabajador (cedula, nombre, apellidos, contrasena, fechaNacimiento, edad, fechaIngreso, rol, isGerente, tipoPago) values (888905, 'Alison', 'Nussii', 'uSyXwTG', '12/04/1995', 27, '02/08/2019', 'Recursos Humanos', 0, 'Quincenal');
insert into Trabajador (cedula, nombre, apellidos, contrasena, fechaNacimiento, edad, fechaIngreso, rol, isGerente, tipoPago) values (989612, 'Banky', 'Mousley', 'pHXFCwOooSlR', '01/12/1960', 63, '04/18/2003', 'Lavado', 0, 'Mensual');
insert into Trabajador (cedula, nombre, apellidos, contrasena, fechaNacimiento, edad, fechaIngreso, rol, isGerente, tipoPago) values (983322, 'Reginald', 'Wegener', 'vqVsrxA7rILs', '01/27/1959', 64, '10/08/2013', 'Administracion', 0, 'Quincenal');
insert into Trabajador (cedula, nombre, apellidos, contrasena, fechaNacimiento, edad, fechaIngreso, rol, isGerente, tipoPago) values (990239, 'Korney', 'Cato', 'iDJ9yRH69', '09/16/1982', 40, '07/30/2012', 'Administracion', 0, 'Mensual');
insert into Trabajador (cedula, nombre, apellidos, contrasena, fechaNacimiento, edad, fechaIngreso, rol, isGerente, tipoPago) values (895170, 'Candis', 'Gandar', '0FEdDsG42Y', '07/23/1979', 43, '08/15/2015', 'Administracion', 0, 'Quincenal');
insert into Trabajador (cedula, nombre, apellidos, contrasena, fechaNacimiento, edad, fechaIngreso, rol, isGerente, tipoPago) values (945718, 'Bernita', 'Romer', 'DcW863', '12/23/1971', 51, '07/11/2005', 'Administracion', 0, 'Quincenal');
insert into Trabajador (cedula, nombre, apellidos, contrasena, fechaNacimiento, edad, fechaIngreso, rol, isGerente, tipoPago) values (937371, 'Eli', 'Dienes', '9p4F0I0ioD', '04/04/1960', 63, '08/04/2004', 'Recursos Humanos', 0, 'Semanal');
insert into Trabajador (cedula, nombre, apellidos, contrasena, fechaNacimiento, edad, fechaIngreso, rol, isGerente, tipoPago) values (941287, 'Travus', 'Millions', 'uKRsb3r7uiO', '09/14/1993', 29, '03/12/2005', 'Lavado', 0, 'Quincenal');
insert into Trabajador (cedula, nombre, apellidos, contrasena, fechaNacimiento, edad, fechaIngreso, rol, isGerente, tipoPago) values (979208, 'Sonny', 'Deem', 'xCOSTq7lcay', '05/06/1982', 40, '11/13/2011', 'Limpieza', 0, 'Semanal');
insert into Trabajador (cedula, nombre, apellidos, contrasena, fechaNacimiento, edad, fechaIngreso, rol, isGerente, tipoPago) values (919727, 'Hayes', 'Penzer', 'El2e76Sd', '12/10/1988', 34, '04/12/2010', 'Recursos Humanos', 0, 'Quincenal');
insert into Trabajador (cedula, nombre, apellidos, contrasena, fechaNacimiento, edad, fechaIngreso, rol, isGerente, tipoPago) values (975405, 'Willem', 'Groombridge', 'pZcNXr7It', '08/02/1964', 58, '10/22/2006', 'Limpieza', 0, 'Quincenal');
insert into Trabajador (cedula, nombre, apellidos, contrasena, fechaNacimiento, edad, fechaIngreso, rol, isGerente, tipoPago) values (889622, 'Samaria', 'Mc Elory', 'JDv72l', '07/08/1992', 30, '05/19/2012', 'Gerencia', 1, 'Mensual');
insert into Trabajador (cedula, nombre, apellidos, contrasena, fechaNacimiento, edad, fechaIngreso, rol, isGerente, tipoPago) values (898427, 'Ethelyn', 'Fishwick', 'yOyVrzd', '11/17/1974', 48, '01/07/2015', 'Gerencia', 1, 'Quincenal');
insert into Trabajador (cedula, nombre, apellidos, contrasena, fechaNacimiento, edad, fechaIngreso, rol, isGerente, tipoPago) values (965486, 'Amii', 'Dunbar', 'ofib5Fwcv', '08/05/1967', 55, '03/16/2007', 'Secretaria', 0, 'Mensual');
insert into Trabajador (cedula, nombre, apellidos, contrasena, fechaNacimiento, edad, fechaIngreso, rol, isGerente, tipoPago) values (962729, 'Graig', 'Davidovitz', 't0xJ7Y3AD5q', '03/30/1967', 56, '03/08/2010', 'Gerencia', 1, 'Mensual');
insert into Trabajador (cedula, nombre, apellidos, contrasena, fechaNacimiento, edad, fechaIngreso, rol, isGerente, tipoPago) values (937836, 'Rutger', 'Sowerby', 'x04qDG', '10/15/2000', 22, '03/05/2018', 'Limpieza', 0, 'Quincenal');
insert into Trabajador (cedula, nombre, apellidos, contrasena, fechaNacimiento, edad, fechaIngreso, rol, isGerente, tipoPago) values (962848, 'Kenon', 'Vuitte', 'vitYOx', '05/05/1974', 49, '12/28/2013', 'Gerencia', 1, 'Mensual');
insert into Trabajador (cedula, nombre, apellidos, contrasena, fechaNacimiento, edad, fechaIngreso, rol, isGerente, tipoPago) values (999108, 'Louella', 'Strain', 'LaRIUneT', '11/16/1967', 55, '12/03/2020', 'Administracion', 0, 'Mensual');
insert into Trabajador (cedula, nombre, apellidos, contrasena, fechaNacimiento, edad, fechaIngreso, rol, isGerente, tipoPago) values (950501, 'Madge', 'Grebbin', 'einFoIjEvn', '01/28/1973', 50, '10/08/2018', 'Recursos Humanos', 0, 'Mensual');
insert into Trabajador (cedula, nombre, apellidos, contrasena, fechaNacimiento, edad, fechaIngreso, rol, isGerente, tipoPago) values (897214, 'Sal', 'Gaber', 'LgDrJwwBxf', '11/16/1976', 46, '12/01/2007', 'Lavado', 0, 'Semanal');
insert into Trabajador (cedula, nombre, apellidos, contrasena, fechaNacimiento, edad, fechaIngreso, rol, isGerente, tipoPago) values (989356, 'Wilden', 'Sone', 'CEOTbyLjs9He', '06/06/1992', 30, '06/13/2006', 'Recursos Humanos', 0, 'Quincenal');
insert into Trabajador (cedula, nombre, apellidos, contrasena, fechaNacimiento, edad, fechaIngreso, rol, isGerente, tipoPago) values (945817, 'Ruby', 'Caddan', 'NylKLGISKNTf', '01/22/2000', 23, '11/25/2019', 'Limpieza', 0, 'Quincenal');
insert into Trabajador (cedula, nombre, apellidos, contrasena, fechaNacimiento, edad, fechaIngreso, rol, isGerente, tipoPago) values (947975, 'Elysee', 'Napper', 'AsZNqqWnU', '02/07/1965', 58, '10/09/2019', 'Secretaria', 0, 'Semanal');
insert into Trabajador (cedula, nombre, apellidos, contrasena, fechaNacimiento, edad, fechaIngreso, rol, isGerente, tipoPago) values (979344, 'Claybourne', 'Kenworthey', 'kB8Eyhc', '04/29/1970', 53, '07/16/2010', 'Secretaria', 0, 'Quincenal');
insert into Trabajador (cedula, nombre, apellidos, contrasena, fechaNacimiento, edad, fechaIngreso, rol, isGerente, tipoPago) values (956525, 'Currey', 'Enever', 'wi3owRXwTre', '03/07/1959', 64, '08/27/2013', 'Lavado', 0, 'Semanal');
insert into Trabajador (cedula, nombre, apellidos, contrasena, fechaNacimiento, edad, fechaIngreso, rol, isGerente, tipoPago) values (899560, 'Micky', 'Nabarro', 'jJZGT00pe5', '02/20/1967', 56, '04/22/2006', 'Secretaria', 0, 'Semanal');
insert into Trabajador (cedula, nombre, apellidos, contrasena, fechaNacimiento, edad, fechaIngreso, rol, isGerente, tipoPago) values (980655, 'Jaye', 'Goldsby', 'K1U9zQI29CJ', '01/21/1958', 65, '03/17/2015', 'Recursos Humanos', 0, 'Semanal');
insert into Trabajador (cedula, nombre, apellidos, contrasena, fechaNacimiento, edad, fechaIngreso, rol, isGerente, tipoPago) values (904969, 'James', 'Chancelier', '6nfzR5FY5E', '02/10/1971', 52, '10/17/2018', 'Lavado', 0, 'Quincenal');
insert into Trabajador (cedula, nombre, apellidos, contrasena, fechaNacimiento, edad, fechaIngreso, rol, isGerente, tipoPago) values (984385, 'Benedict', 'Diable', 'p3sYxxbX', '10/04/1958', 64, '11/11/2013', 'Secretaria', 0, 'Quincenal');
insert into Trabajador (cedula, nombre, apellidos, contrasena, fechaNacimiento, edad, fechaIngreso, rol, isGerente, tipoPago) values (970140, 'Mayne', 'Glusby', 'Vb2DVoRhUjE5', '07/13/1996', 26, '08/31/2022', 'Administracion', 0, 'Semanal');
insert into Trabajador (cedula, nombre, apellidos, contrasena, fechaNacimiento, edad, fechaIngreso, rol, isGerente, tipoPago) values (897178, 'Damien', 'Burnup', 'sGnTWhp', '01/09/1973', 50, '06/11/2002', 'Administracion', 0, 'Quincenal');
insert into Trabajador (cedula, nombre, apellidos, contrasena, fechaNacimiento, edad, fechaIngreso, rol, isGerente, tipoPago) values (895624, 'Hyman', 'Varty', '2fD7PUj0Fq0x', '01/24/1971', 52, '09/15/2001', 'Gerencia', 1, 'Mensual');
insert into Trabajador (cedula, nombre, apellidos, contrasena, fechaNacimiento, edad, fechaIngreso, rol, isGerente, tipoPago) values (890225, 'Nessi', 'Detheridge', 'NvNhKvDBR', '07/29/1966', 56, '01/21/2021', 'Limpieza', 0, 'Quincenal');
insert into Trabajador (cedula, nombre, apellidos, contrasena, fechaNacimiento, edad, fechaIngreso, rol, isGerente, tipoPago) values (982082, 'Bo', 'Guirau', 'm2c0pIhYKGA', '04/11/1974', 49, '09/28/2006', 'Limpieza', 0, 'Semanal');
insert into Trabajador (cedula, nombre, apellidos, contrasena, fechaNacimiento, edad, fechaIngreso, rol, isGerente, tipoPago) values (898136, 'Karlee', 'Queree', 'Xa9zZk3xp', '12/11/1977', 45, '04/15/2008', 'Secretaria', 0, 'Quincenal');
insert into Trabajador (cedula, nombre, apellidos, contrasena, fechaNacimiento, edad, fechaIngreso, rol, isGerente, tipoPago) values (969400, 'Shane', 'Kinnoch', 'K9x12cLFhFxa', '04/07/1995', 28, '09/20/2009', 'Lavado', 0, 'Semanal');
insert into Trabajador (cedula, nombre, apellidos, contrasena, fechaNacimiento, edad, fechaIngreso, rol, isGerente, tipoPago) values (920213, 'Siegfried', 'Barchrameev', 'fyi6Niy', '03/29/1982', 41, '01/12/2006', 'Lavado', 0, 'Quincenal');
insert into Trabajador (cedula, nombre, apellidos, contrasena, fechaNacimiento, edad, fechaIngreso, rol, isGerente, tipoPago) values (975882, 'Wynn', 'Gooderham', 'wydnJELLu8Wi', '02/21/1964', 59, '07/01/2010', 'Lavado', 0, 'Mensual');
insert into Trabajador (cedula, nombre, apellidos, contrasena, fechaNacimiento, edad, fechaIngreso, rol, isGerente, tipoPago) values (945058, 'Cindy', 'Dutnell', 'lQgZNmha0NE', '08/24/1995', 27, '09/09/2011', 'Lavado', 0, 'Quincenal');
insert into Trabajador (cedula, nombre, apellidos, contrasena, fechaNacimiento, edad, fechaIngreso, rol, isGerente, tipoPago) values (911418, 'Harv', 'Lansly', 'djATiEB', '06/05/1996', 26, '07/23/2001', 'Secretaria', 0, 'Semanal');
insert into Trabajador (cedula, nombre, apellidos, contrasena, fechaNacimiento, edad, fechaIngreso, rol, isGerente, tipoPago) values (933479, 'Leoline', 'Marsh', 'weEfh4WGM5', '04/29/1987', 36, '07/24/2017', 'Lavado', 0, 'Semanal');
insert into Trabajador (cedula, nombre, apellidos, contrasena, fechaNacimiento, edad, fechaIngreso, rol, isGerente, tipoPago) values (939127, 'Janka', 'MacIlwrick', 'FN1DXGH', '10/15/1963', 59, '05/28/2001', 'Administracion', 0, 'Mensual');
insert into Trabajador (cedula, nombre, apellidos, contrasena, fechaNacimiento, edad, fechaIngreso, rol, isGerente, tipoPago) values (940067, 'Alanah', 'Gosenell', 'HZwxwg2Uef', '12/06/1991', 31, '06/11/2001', 'Lavado', 0, 'Semanal');
insert into Trabajador (cedula, nombre, apellidos, contrasena, fechaNacimiento, edad, fechaIngreso, rol, isGerente, tipoPago) values (955543, 'Jenni', 'Abrey', 'N49hCunb', '10/01/1960', 62, '01/22/2022', 'Recursos Humanos', 0, 'Semanal');
insert into Trabajador (cedula, nombre, apellidos, contrasena, fechaNacimiento, edad, fechaIngreso, rol, isGerente, tipoPago) values (980828, 'Misha', 'Burford', 'AOG8AvUmm', '06/20/1968', 54, '09/26/2014', 'Secretaria', 0, 'Mensual');
insert into Trabajador (cedula, nombre, apellidos, contrasena, fechaNacimiento, edad, fechaIngreso, rol, isGerente, tipoPago) values (918195, 'Mickey', 'Coutts', 'hmQEYm3Vh', '05/10/1978', 44, '07/02/2011', 'Secretaria', 0, 'Semanal');
insert into Trabajador (cedula, nombre, apellidos, contrasena, fechaNacimiento, edad, fechaIngreso, rol, isGerente, tipoPago) values (963763, 'Alice', 'Bestwerthick', '412gvsMSrYu', '10/29/1985', 37, '03/29/2019', 'Lavado', 0, 'Semanal');
insert into Trabajador (cedula, nombre, apellidos, contrasena, fechaNacimiento, edad, fechaIngreso, rol, isGerente, tipoPago) values (967188, 'Grant', 'Bargh', '5dLGgLfI', '07/24/2000', 22, '12/18/2019', 'Limpieza', 0, 'Semanal');
insert into Trabajador (cedula, nombre, apellidos, contrasena, fechaNacimiento, edad, fechaIngreso, rol, isGerente, tipoPago) values (951592, 'Aura', 'Hardaway', 'etTC7ELqa', '02/26/1992', 31, '02/01/2018', 'Administracion', 0, 'Semanal');
insert into Trabajador (cedula, nombre, apellidos, contrasena, fechaNacimiento, edad, fechaIngreso, rol, isGerente, tipoPago) values (934520, 'Bevon', 'Maudsley', 'T4jM0t4Agd', '03/18/1969', 54, '03/13/2002', 'Recursos Humanos', 0, 'Semanal');
insert into Trabajador (cedula, nombre, apellidos, contrasena, fechaNacimiento, edad, fechaIngreso, rol, isGerente, tipoPago) values (925461, 'Drusy', 'Novic', '9ZTIT0r', '07/18/2000', 22, '12/19/2007', 'Recursos Humanos', 0, 'Mensual');
insert into Trabajador (cedula, nombre, apellidos, contrasena, fechaNacimiento, edad, fechaIngreso, rol, isGerente, tipoPago) values (889218, 'Yoshiko', 'Meenehan', 's8C4GFg4', '05/15/1971', 51, '01/10/2005', 'Gerencia', 1, 'Quincenal');
insert into Trabajador (cedula, nombre, apellidos, contrasena, fechaNacimiento, edad, fechaIngreso, rol, isGerente, tipoPago) values (975991, 'Almeria', 'Ziemsen', 'CslFzg8', '05/09/1984', 38, '08/01/2016', 'Limpieza', 0, 'Quincenal');
insert into Trabajador (cedula, nombre, apellidos, contrasena, fechaNacimiento, edad, fechaIngreso, rol, isGerente, tipoPago) values (932451, 'Aguistin', 'Yarnton', 'Vn92oHdSo', '09/05/1965', 57, '12/10/2010', 'Gerencia', 1, 'Quincenal');
insert into Trabajador (cedula, nombre, apellidos, contrasena, fechaNacimiento, edad, fechaIngreso, rol, isGerente, tipoPago) values (928801, 'Sheba', 'Frushard', 'bHcY1pvACUBF', '07/05/1996', 26, '12/14/2021', 'Recursos Humanos', 0, 'Quincenal');

--Sucursal

insert into Sucursal (nombre, fechaInicioGerente, fechaApertura, gerente, telefono, provincia, canton, distrito) values ('Toy Inc', '3/19/2013', '9/11/1988', 889218, 4507781, 'Puntarenas', 'Osa', 'Pine View');
insert into Sucursal (nombre, fechaInicioGerente, fechaApertura, gerente, telefono, provincia, canton, distrito) values ('Predovic-Macejkovic', '3/6/2015', '12/25/1987', 889622, 6149207, 'Guanacaste', 'Nandayure', 'Quincy');
insert into Sucursal (nombre, fechaInicioGerente, fechaApertura, gerente, telefono, provincia, canton, distrito) values ('Bayer-Ryan', '1/10/2014', '9/24/1977', 895624, 2169229, 'Cartago', 'Paraiso', 'Goodland');
insert into Sucursal (nombre, fechaInicioGerente, fechaApertura, gerente, telefono, provincia, canton, distrito) values ('Durgan, Bradtke and Paucek', '3/3/2013', '9/16/2011', 898427, 7789918, 'Guanacaste', 'Canas', 'Forest Dale');
insert into Sucursal (nombre, fechaInicioGerente, fechaApertura, gerente, telefono, provincia, canton, distrito) values ('D''Amore, Bins and McKenzie', '7/3/2013', '11/9/1984', 906319, 5430404, 'San Jose', 'Desamparados', 'Waxwing');
insert into Sucursal (nombre, fechaInicioGerente, fechaApertura, gerente, telefono, provincia, canton, distrito) values ('Schneider, Bayer and Cummings', '11/24/2016', '7/2/1997', 917834, 7046236, 'Guanacaste', 'Santa Cruz', 'Dawn');
insert into Sucursal (nombre, fechaInicioGerente, fechaApertura, gerente, telefono, provincia, canton, distrito) values ('Larkin Group', '9/11/2020', '10/8/2010', 922957, 6247959, 'Guanacaste', 'Abangares', 'School');
insert into Sucursal (nombre, fechaInicioGerente, fechaApertura, gerente, telefono, provincia, canton, distrito) values ('Veum and Sons', '1/7/2017', '3/6/1990', 924740, 6335191, 'Heredia', 'Bagaces', 'Loomis');
insert into Sucursal (nombre, fechaInicioGerente, fechaApertura, gerente, telefono, provincia, canton, distrito) values ('Schiller, Pfeffer and Leffler', '5/4/2014', '11/11/1990', 931460, 3394974, 'Limon', 'Pococi', '2nd');
insert into Sucursal (nombre, fechaInicioGerente, fechaApertura, gerente, telefono, provincia, canton, distrito) values ('McGlynn-Cremin', '3/29/2017', '7/6/1968', 932451, 7507705, 'Heredia', 'Moravia', 'Del Sol');
insert into Sucursal (nombre, fechaInicioGerente, fechaApertura, gerente, telefono, provincia, canton, distrito) values ('Terry-Von', '2/14/2016', '11/4/1969', 962729, 7290080, 'San Jose', 'Castro', 'Kinsman');
insert into Sucursal (nombre, fechaInicioGerente, fechaApertura, gerente, telefono, provincia, canton, distrito) values ('Kerluke, Jaskolski and Ondricka', '2/18/2016', '3/2/2007', 962848, 8307547, 'Cartago', 'Jimenez', 'Hoard');
insert into Sucursal (nombre, fechaInicioGerente, fechaApertura, gerente, telefono, provincia, canton, distrito) values ('Franecki, Miller and Hyatt', '2/12/2018', '6/7/1995', 966057, 2266309, 'Heredia', 'Santa Ana', 'Gina');
insert into Sucursal (nombre, fechaInicioGerente, fechaApertura, gerente, telefono, provincia, canton, distrito) values ('Rice, Bailey and Crist', '8/18/2012', '4/2/1974', 973523, 7567069, 'San Jose', 'Escazu', 'Ridgeview');
insert into Sucursal (nombre, fechaInicioGerente, fechaApertura, gerente, telefono, provincia, canton, distrito) values ('Witting Group', '5/12/2013', '2/9/1977', 982611, 7784381, 'Alajuela', 'Guatuso', 'Service');
insert into Sucursal (nombre, fechaInicioGerente, fechaApertura, gerente, telefono, provincia, canton, distrito) values ('Dickens, Emard and Hane', '10/30/2014', '3/28/1996', 988140, 4286660, 'Alajuela', 'Guatuso', 'Eastlawn');

-- Snacks

insert into Snack (ID_Snack, nombre, inventario, precio) values (924, 'Anchovy Fillets', 3, 254);
insert into Snack (ID_Snack, nombre, inventario, precio) values (448, 'Juice - Mango', 24, 683);
insert into Snack (ID_Snack, nombre, inventario, precio) values (392, 'External Supplier', 47, 913);
insert into Snack (ID_Snack, nombre, inventario, precio) values (317, 'Ice Cream Bar - Rolo Cone', 39, 121);
insert into Snack (ID_Snack, nombre, inventario, precio) values (542, 'Wine - Red, Wolf Blass, Yellow', 31, 735);
insert into Snack (ID_Snack, nombre, inventario, precio) values (191, 'Wine - Ice Wine', 34, 826);
insert into Snack (ID_Snack, nombre, inventario, precio) values (722, 'Oil - Olive', 50, 116);
insert into Snack (ID_Snack, nombre, inventario, precio) values (883, 'Wine - Crozes Hermitage E.', 41, 103);
insert into Snack (ID_Snack, nombre, inventario, precio) values (544, 'Bagelers - Cinn / Brown Sugar', 34, 474);
insert into Snack (ID_Snack, nombre, inventario, precio) values (681, 'Lotus Rootlets - Canned', 24, 290);
insert into Snack (ID_Snack, nombre, inventario, precio) values (170, 'Tea - Herbal Sweet Dreams', 23, 846);
insert into Snack (ID_Snack, nombre, inventario, precio) values (805, 'Pastry - Trippleberry Muffin - Mini', 42, 552);
insert into Snack (ID_Snack, nombre, inventario, precio) values (970, 'Apple - Royal Gala', 10, 623);
insert into Snack (ID_Snack, nombre, inventario, precio) values (312, 'Wine - Sauvignon Blanc', 16, 779);
insert into Snack (ID_Snack, nombre, inventario, precio) values (396, 'Fond - Chocolate', 30, 321);
insert into Snack (ID_Snack, nombre, inventario, precio) values (263, 'Trueblue - Blueberry Cranberry', 49, 931);
insert into Snack (ID_Snack, nombre, inventario, precio) values (217, 'Lamb - Pieces, Diced', 5, 474);
insert into Snack (ID_Snack, nombre, inventario, precio) values (756, 'Soup - Campbells, Chix Gumbo', 46, 841);
insert into Snack (ID_Snack, nombre, inventario, precio) values (637, 'Crab Brie In Phyllo', 30, 911);
insert into Snack (ID_Snack, nombre, inventario, precio) values (532, 'Kumquat', 30, 719);
insert into Snack (ID_Snack, nombre, inventario, precio) values (755, 'Jam - Raspberry,jar', 10, 828);
insert into Snack (ID_Snack, nombre, inventario, precio) values (493, 'Tomatoes - Roma', 4, 493);
insert into Snack (ID_Snack, nombre, inventario, precio) values (401, 'Veal - Liver', 31, 604);
insert into Snack (ID_Snack, nombre, inventario, precio) values (940, 'Sugar - Splenda Sweetener', 16, 341);
insert into Snack (ID_Snack, nombre, inventario, precio) values (522, 'Spice - Greek 1 Step', 8, 274);
insert into Snack (ID_Snack, nombre, inventario, precio) values (999, 'Flour - Bran, Red', 36, 933);
insert into Snack (ID_Snack, nombre, inventario, precio) values (418, 'Carbonated Water - Lemon Lime', 7, 398);
insert into Snack (ID_Snack, nombre, inventario, precio) values (322, 'Bar - Sweet And Salty Chocolate', 49, 209);
insert into Snack (ID_Snack, nombre, inventario, precio) values (226, 'Cheese - Boursin, Garlic / Herbs', 13, 103);
insert into Snack (ID_Snack, nombre, inventario, precio) values (162, 'Foam Dinner Plate', 21, 487);
insert into Snack (ID_Snack, nombre, inventario, precio) values (102, 'Juice - Apple Cider', 3, 132);
insert into Snack (ID_Snack, nombre, inventario, precio) values (463, 'Sausage - Liver', 3, 282);
insert into Snack (ID_Snack, nombre, inventario, precio) values (367, 'Beef - Outside, Round', 19, 787);
insert into Snack (ID_Snack, nombre, inventario, precio) values (251, 'Extract - Lemon', 11, 205);
insert into Snack (ID_Snack, nombre, inventario, precio) values (790, 'Energy Drink', 23, 580);
insert into Snack (ID_Snack, nombre, inventario, precio) values (409, 'Sauce - Alfredo', 38, 734);
insert into Snack (ID_Snack, nombre, inventario, precio) values (289, 'Bagel - 12 Grain Preslice', 11, 215);
insert into Snack (ID_Snack, nombre, inventario, precio) values (617, 'Puree - Mocha', 6, 799);
insert into Snack (ID_Snack, nombre, inventario, precio) values (652, 'Appetizer - Spring Roll, Veg', 50, 332);
insert into Snack (ID_Snack, nombre, inventario, precio) values (864, 'Flour - Cake', 4, 133);
insert into Snack (ID_Snack, nombre, inventario, precio) values (388, 'Wine - Delicato Merlot', 17, 242);
insert into Snack (ID_Snack, nombre, inventario, precio) values (998, 'Cookie Double Choco', 11, 138);
insert into Snack (ID_Snack, nombre, inventario, precio) values (103, 'Ice Cream - Turtles Stick Bar', 4, 662);
insert into Snack (ID_Snack, nombre, inventario, precio) values (139, 'Pepper - Cayenne', 50, 195);
insert into Snack (ID_Snack, nombre, inventario, precio) values (262, 'Crab Brie In Phyllo', 45, 320);
insert into Snack (ID_Snack, nombre, inventario, precio) values (128, 'Bacardi Limon', 39, 285);
insert into Snack (ID_Snack, nombre, inventario, precio) values (331, 'Ostrich - Prime Cut', 13, 401);
insert into Snack (ID_Snack, nombre, inventario, precio) values (626, 'Muffin Batt - Carrot Spice', 6, 409);
insert into Snack (ID_Snack, nombre, inventario, precio) values (692, 'Steam Pan Full Lid', 5, 230);
insert into Snack (ID_Snack, nombre, inventario, precio) values (199, 'Pastry - Banana Tea Loaf', 11, 173);
insert into Snack (ID_Snack, nombre, inventario, precio) values (241, 'Clam Nectar', 17, 884);
insert into Snack (ID_Snack, nombre, inventario, precio) values (816, 'Wine - White, Lindemans Bin 95', 23, 432);
insert into Snack (ID_Snack, nombre, inventario, precio) values (547, 'Pepper - Black, Crushed', 12, 870);
insert into Snack (ID_Snack, nombre, inventario, precio) values (893, 'Table Cloth 53x53 White', 14, 815);
insert into Snack (ID_Snack, nombre, inventario, precio) values (720, 'Chicken - Livers', 46, 454);
insert into Snack (ID_Snack, nombre, inventario, precio) values (579, 'Eggplant - Regular', 15, 830);
insert into Snack (ID_Snack, nombre, inventario, precio) values (427, 'Island Oasis - Strawberry', 22, 221);
insert into Snack (ID_Snack, nombre, inventario, precio) values (486, 'Sauce - Black Current, Dry Mix', 19, 610);
insert into Snack (ID_Snack, nombre, inventario, precio) values (581, 'Ecolab - Medallion', 34, 914);
insert into Snack (ID_Snack, nombre, inventario, precio) values (562, 'Nut - Pecan, Halves', 5, 860);
insert into Snack (ID_Snack, nombre, inventario, precio) values (745, 'Wine - Zonnebloem Pinotage', 48, 828);
insert into Snack (ID_Snack, nombre, inventario, precio) values (830, 'Spice - Peppercorn Melange', 30, 761);
insert into Snack (ID_Snack, nombre, inventario, precio) values (247, 'Cake - Mini Cheesecake', 27, 361);
insert into Snack (ID_Snack, nombre, inventario, precio) values (829, 'Salt - Celery', 17, 334);
insert into Snack (ID_Snack, nombre, inventario, precio) values (141, 'Rice - Aborio', 16, 638);
insert into Snack (ID_Snack, nombre, inventario, precio) values (928, 'Cheese - Cheddarsliced', 19, 157);
insert into Snack (ID_Snack, nombre, inventario, precio) values (997, 'Green Tea Refresher', 36, 444);
insert into Snack (ID_Snack, nombre, inventario, precio) values (811, 'Rappini - Andy Boy', 27, 178);
insert into Snack (ID_Snack, nombre, inventario, precio) values (711, 'Flour - Fast / Rapid', 45, 989);
insert into Snack (ID_Snack, nombre, inventario, precio) values (106, 'Beef - Ground Medium', 32, 986);
insert into Snack (ID_Snack, nombre, inventario, precio) values (294, 'Bread - Malt', 8, 232);
insert into Snack (ID_Snack, nombre, inventario, precio) values (628, 'Bagels Poppyseed', 33, 112);
insert into Snack (ID_Snack, nombre, inventario, precio) values (416, 'Appetizer - Assorted Box', 43, 491);
insert into Snack (ID_Snack, nombre, inventario, precio) values (402, 'Turkey - Whole, Fresh', 36, 779);
insert into Snack (ID_Snack, nombre, inventario, precio) values (159, 'Bread Base - Goodhearth', 15, 596);
insert into Snack (ID_Snack, nombre, inventario, precio) values (964, 'Wine - Manischewitz Concord', 26, 146);
insert into Snack (ID_Snack, nombre, inventario, precio) values (739, 'Tomatoes Tear Drop', 50, 280);
insert into Snack (ID_Snack, nombre, inventario, precio) values (886, 'Dried Figs', 47, 922);
insert into Snack (ID_Snack, nombre, inventario, precio) values (995, 'Monkfish - Fresh', 8, 612);
insert into Snack (ID_Snack, nombre, inventario, precio) values (941, 'Cookie - Oatmeal', 30, 289);
insert into Snack (ID_Snack, nombre, inventario, precio) values (838, 'Swiss Chard', 44, 505);
insert into Snack (ID_Snack, nombre, inventario, precio) values (949, 'Mix - Cocktail Ice Cream', 41, 766);
insert into Snack (ID_Snack, nombre, inventario, precio) values (231, 'Sauce - Fish 25 Ozf Bottle', 43, 220);
insert into Snack (ID_Snack, nombre, inventario, precio) values (968, 'Pork Loin Bine - In Frenched', 22, 706);
insert into Snack (ID_Snack, nombre, inventario, precio) values (837, 'Milk - Chocolate 250 Ml', 3, 444);
insert into Snack (ID_Snack, nombre, inventario, precio) values (732, 'Wine - Zonnebloem Pinotage', 28, 852);
insert into Snack (ID_Snack, nombre, inventario, precio) values (546, 'Soup - Knorr, Veg / Beef', 29, 872);
insert into Snack (ID_Snack, nombre, inventario, precio) values (933, 'Pheasants - Whole', 30, 106);
insert into Snack (ID_Snack, nombre, inventario, precio) values (455, 'Flour - Teff', 2, 908);
insert into Snack (ID_Snack, nombre, inventario, precio) values (951, 'Jameson - Irish Whiskey', 11, 202);
insert into Snack (ID_Snack, nombre, inventario, precio) values (971, 'Vinegar - Sherry', 37, 573);
insert into Snack (ID_Snack, nombre, inventario, precio) values (996, 'Muffin - Bran Ind Wrpd', 38, 683);
insert into Snack (ID_Snack, nombre, inventario, precio) values (802, 'Spice - Peppercorn Melange', 44, 813);
insert into Snack (ID_Snack, nombre, inventario, precio) values (391, 'Pork - European Side Bacon', 31, 394);
insert into Snack (ID_Snack, nombre, inventario, precio) values (675, 'Glass Clear 7 Oz Xl', 28, 987);
insert into Snack (ID_Snack, nombre, inventario, precio) values (485, 'Rice - Long Grain', 15, 930);
insert into Snack (ID_Snack, nombre, inventario, precio) values (580, 'Wine - White, Pelee Island', 31, 551);
insert into Snack (ID_Snack, nombre, inventario, precio) values (786, 'Banana Turning', 35, 897);
insert into Snack (ID_Snack, nombre, inventario, precio) values (986, 'Juice - Orange, 341 Ml', 13, 441);
insert into Snack (ID_Snack, nombre, inventario, precio) values (969, 'Pork - Sausage Casing', 39, 993);

--Proveedores

insert into Proveedor (nombre, cedulaJuridica, direccion, correo, contacto) values ('Karil Barnwille', 3994, 'Guanacaste', 'kbarnwille0@salon.com', 'suspendisse potenti nullam porttitor');
insert into Proveedor (nombre, cedulaJuridica, direccion, correo, contacto) values ('Anabel Sollowaye', 7528, 'Cartago', 'asollowaye1@chronoengine.com', 'consequat nulla nisl nunc');
insert into Proveedor (nombre, cedulaJuridica, direccion, correo, contacto) values ('Adoree Wolffers', 2555, 'Heredia', 'awolffers2@issuu.com', 'pede ullamcorper');
insert into Proveedor (nombre, cedulaJuridica, direccion, correo, contacto) values ('Derron Athey', 6540, 'Puntarenas', 'dathey3@eepurl.com', 'odio in hac habitasse');
insert into Proveedor (nombre, cedulaJuridica, direccion, correo, contacto) values ('Mervin Hucks', 4158, 'Limon', 'mhucks4@digg.com', 'ipsum aliquam');
insert into Proveedor (nombre, cedulaJuridica, direccion, correo, contacto) values ('Harwell Childerhouse', 5132, 'Heredia', 'hchilderhouse5@spotify.com', 'amet lobortis');
insert into Proveedor (nombre, cedulaJuridica, direccion, correo, contacto) values ('Darnell Gloves', 2313, 'San Jose', 'dgloves6@wired.com', 'ipsum dolor sit');
insert into Proveedor (nombre, cedulaJuridica, direccion, correo, contacto) values ('Theressa Zottoli', 8702, 'Alajuela', 'tzottoli7@soundcloud.com', 'porta volutpat quam');
insert into Proveedor (nombre, cedulaJuridica, direccion, correo, contacto) values ('Ysabel Tatton', 4208, 'Limon', 'ytatton8@microsoft.com', 'praesent blandit');
insert into Proveedor (nombre, cedulaJuridica, direccion, correo, contacto) values ('Jess Millichap', 5194, 'San Jose', 'jmillichap9@un.org', 'justo maecenas rhoncus');
insert into Proveedor (nombre, cedulaJuridica, direccion, correo, contacto) values ('Tomasine Joddins', 3498, 'San Jose', 'tjoddinsa@tinyurl.com', 'lobortis convallis tortor');
insert into Proveedor (nombre, cedulaJuridica, direccion, correo, contacto) values ('Tulley Clothier', 3225, 'San Jose', 'tclothierb@blogger.com', 'erat nulla');
insert into Proveedor (nombre, cedulaJuridica, direccion, correo, contacto) values ('Teddy St. Quintin', 8086, 'San Jose', 'tstc@tinypic.com', 'quam pharetra magna');
insert into Proveedor (nombre, cedulaJuridica, direccion, correo, contacto) values ('Emilio Shoemark', 4724, 'Puntarenas', 'eshoemarkd@godaddy.com', 'eros suspendisse');
insert into Proveedor (nombre, cedulaJuridica, direccion, correo, contacto) values ('Collie Jamary', 3088, 'Heredia', 'cjamarye@sun.com', 'etiam pretium iaculis justo');
insert into Proveedor (nombre, cedulaJuridica, direccion, correo, contacto) values ('Kristal Jackett', 5110, 'Guanacaste', 'kjackettf@qq.com', 'ante ipsum primis');
insert into Proveedor (nombre, cedulaJuridica, direccion, correo, contacto) values ('Chadd Weson', 2828, 'Guanacaste', 'cwesong@so-net.ne.jp', 'vestibulum eget');
insert into Proveedor (nombre, cedulaJuridica, direccion, correo, contacto) values ('Garrot Manssuer', 4093, 'Puntarenas', 'gmanssuerh@merriam-webster.com', 'a libero nam dui');
insert into Proveedor (nombre, cedulaJuridica, direccion, correo, contacto) values ('Berget McGrudder', 6067, 'Alajuela', 'bmcgrudderi@reverbnation.com', 'ullamcorper purus sit amet');
insert into Proveedor (nombre, cedulaJuridica, direccion, correo, contacto) values ('Chanda Wemes', 8093, 'Guanacaste', 'cwemesj@nyu.edu', 'sed augue');
insert into Proveedor (nombre, cedulaJuridica, direccion, correo, contacto) values ('Ivory Daout', 8689, 'Limon', 'idaoutk@ucsd.edu', 'id turpis integer aliquet');
insert into Proveedor (nombre, cedulaJuridica, direccion, correo, contacto) values ('Greta Dickins', 1432, 'Guanacaste', 'gdickinsl@vimeo.com', 'et ultrices');
insert into Proveedor (nombre, cedulaJuridica, direccion, correo, contacto) values ('Wilfrid Gaisford', 3098, 'Cartago', 'wgaisfordm@nbcnews.com', 'est congue elementum');
insert into Proveedor (nombre, cedulaJuridica, direccion, correo, contacto) values ('Sandye Daverin', 7230, 'Heredia', 'sdaverinn@discovery.com', 'tellus in sagittis');
insert into Proveedor (nombre, cedulaJuridica, direccion, correo, contacto) values ('Manny Enderle', 4150, 'Alajuela', 'menderleo@delicious.com', 'sapien sapien');

-- Producto

insert into Producto (nombre, marca, costo) values ('PANROSA Honey Scented Hand', 'Browsetype', 1408);
insert into Producto (nombre, marca, costo) values ('Desert Sage', 'Kimia', 3776);
insert into Producto (nombre, marca, costo) values ('PANCREAZE', 'Zoovu', 1677);
insert into Producto (nombre, marca, costo) values ('DAMOAE THERAPY', 'Skimia', 640);
insert into Producto (nombre, marca, costo) values ('Haloperidol', 'Voolia', 2873);
insert into Producto (nombre, marca, costo) values ('Torsemide', 'Ainyx', 1296);
insert into Producto (nombre, marca, costo) values ('Cianuro', 'Feedfish', 4763);
insert into Producto (nombre, marca, costo) values ('Rhizopus oryzae', 'DabZ', 1302);
insert into Producto (nombre, marca, costo) values ('Allergy Relief', 'JumpXS', 4166);
insert into Producto (nombre, marca, costo) values ('THERA Moisturizing Body Shield', 'Jabberbean', 2493);
insert into Producto (nombre, marca, costo) values ('Nitrofurantoin Macrocrystals', 'Wikibox', 1091);
insert into Producto (nombre, marca, costo) values ('Hydrocodone Bitartrate and Acetaminophen', 'Youopia', 4562);
insert into Producto (nombre, marca, costo) values ('Naproxen', 'Katz', 3997);
insert into Producto (nombre, marca, costo) values ('HydraLife ', 'Yodoo', 4841);
insert into Producto (nombre, marca, costo) values ('TOURCIA NUTRI ESSENCE', 'Jabbertype', 2076);
insert into Producto (nombre, marca, costo) values ('Obao', 'Thoughtstorm', 592);
insert into Producto (nombre, marca, costo) values ('Octagam Immune Globulin (Human)', 'Leexo', 2650);
insert into Producto (nombre, marca, costo) values ('Lidocaine Hydrochloride and Epinephrine', 'Babbleopia', 4082);
insert into Producto (nombre, marca, costo) values ('all day relief', 'Voonder', 2080);
insert into Producto (nombre, marca, costo) values ('Pomegranate Hand Sanitizer', 'Trunyx', 3703);
insert into Producto (nombre, marca, costo) values ('Gildagia', 'Talane', 3190);
insert into Producto (nombre, marca, costo) values ('DR. RECKEWEG R60 Purhaemine', 'Gabtype', 287);
insert into Producto (nombre, marca, costo) values ('Zolmitriptan', 'Skivee', 3464);
insert into Producto (nombre, marca, costo) values ('Cimetidine', 'Thoughtstorm', 2117);
insert into Producto (nombre, marca, costo) values ('Krebs Stimulator Plus', 'Feedspan', 2955);

-- Lavado

insert into Lavado (id_Lavado, personalRequerido, nombre, costo, precio, duracion, puntuacionLealtad) values (1, 892745, 'Lavado parabrisas', 5000, 10000, 90, 10);
insert into Lavado (id_Lavado, personalRequerido, nombre, costo, precio, duracion, puntuacionLealtad) values (2, 975405, 'Lavado parabrisas', 6500, 11500, 30, 12);
insert into Lavado (id_Lavado, personalRequerido, nombre, costo, precio, duracion, puntuacionLealtad) values (3, 979208, 'Lavado retrovisores', 9000, 14000, 90, 14);
insert into Lavado (id_Lavado, personalRequerido, nombre, costo, precio, duracion, puntuacionLealtad) values (4, 979208, 'Lavado completo', 10000, 15000, 90, 15);
insert into Lavado (id_Lavado, personalRequerido, nombre, costo, precio, duracion, puntuacionLealtad) values (5, 967188, 'Aspirado', 9000, 14000, 90, 14);
insert into Lavado (id_Lavado, personalRequerido, nombre, costo, precio, duracion, puntuacionLealtad) values (6, 975405, 'Encerado', 8000, 13000, 10, 13);
insert into Lavado (id_Lavado, personalRequerido, nombre, costo, precio, duracion, puntuacionLealtad) values (7, 893342, 'Limpieza Alfombrilla', 7500, 12500, 120, 13);
insert into Lavado (id_Lavado, personalRequerido, nombre, costo, precio, duracion, puntuacionLealtad) values (8, 893342, 'Lavado completo', 10000, 15000, 120, 15);
insert into Lavado (id_Lavado, personalRequerido, nombre, costo, precio, duracion, puntuacionLealtad) values (9, 965623, 'Limpieza Alfombrilla', 5000, 10000, 30, 10);
insert into Lavado (id_Lavado, personalRequerido, nombre, costo, precio, duracion, puntuacionLealtad) values (10, 945817, 'Lavado retrovisores', 6000, 11000, 30, 11);
insert into Lavado (id_Lavado, personalRequerido, nombre, costo, precio, duracion, puntuacionLealtad) values (11, 975405, 'Limpieza Alfombrilla', 6500, 11500, 90, 12);
insert into Lavado (id_Lavado, personalRequerido, nombre, costo, precio, duracion, puntuacionLealtad) values (12, 975405, 'Lavado completo', 10000, 15000, 90, 15);
insert into Lavado (id_Lavado, personalRequerido, nombre, costo, precio, duracion, puntuacionLealtad) values (13, 979208, 'Encerado', 10000, 15000, 90, 15);
insert into Lavado (id_Lavado, personalRequerido, nombre, costo, precio, duracion, puntuacionLealtad) values (14, 893342, 'Limpieza Alfombrilla', 10000, 15000, 60, 15);
insert into Lavado (id_Lavado, personalRequerido, nombre, costo, precio, duracion, puntuacionLealtad) values (15, 945817, 'Aspirado', 5500, 10500, 20, 11);
insert into Lavado (id_Lavado, personalRequerido, nombre, costo, precio, duracion, puntuacionLealtad) values (16, 945817, 'Lavado parabrisas', 10000, 15000, 30, 15);
insert into Lavado (id_Lavado, personalRequerido, nombre, costo, precio, duracion, puntuacionLealtad) values (17, 893342, 'Limpieza Alfombrilla', 5500, 10500, 10, 11);
insert into Lavado (id_Lavado, personalRequerido, nombre, costo, precio, duracion, puntuacionLealtad) values (18, 892745, 'Encerado', 6500, 11500, 60, 12);
insert into Lavado (id_Lavado, personalRequerido, nombre, costo, precio, duracion, puntuacionLealtad) values (19, 967188, 'Aspirado', 5500, 10500, 30, 11);
insert into Lavado (id_Lavado, personalRequerido, nombre, costo, precio, duracion, puntuacionLealtad) values (20, 982082, 'Lavado parabrisas', 8000, 13000, 60, 13);
insert into Lavado (id_Lavado, personalRequerido, nombre, costo, precio, duracion, puntuacionLealtad) values (21, 979208, 'Lavado retrovisores', 10000, 15000, 120, 15);
insert into Lavado (id_Lavado, personalRequerido, nombre, costo, precio, duracion, puntuacionLealtad) values (22, 979208, 'Encerado', 6000, 11000, 20, 11);
insert into Lavado (id_Lavado, personalRequerido, nombre, costo, precio, duracion, puntuacionLealtad) values (23, 893342, 'Lavado completo', 10000, 15000, 90, 15);
insert into Lavado (id_Lavado, personalRequerido, nombre, costo, precio, duracion, puntuacionLealtad) values (24, 892745, 'Lavado parabrisas', 9000, 14000, 30, 14);
insert into Lavado (id_Lavado, personalRequerido, nombre, costo, precio, duracion, puntuacionLealtad) values (25, 982082, 'Encerado', 5000, 10000, 60, 10);
insert into Lavado (id_Lavado, personalRequerido, nombre, costo, precio, duracion, puntuacionLealtad) values (26, 975405, 'Limpieza Alfombrilla', 5500, 10500, 60, 11);
insert into Lavado (id_Lavado, personalRequerido, nombre, costo, precio, duracion, puntuacionLealtad) values (27, 975991, 'Lavado parabrisas', 10000, 15000, 20, 15);
insert into Lavado (id_Lavado, personalRequerido, nombre, costo, precio, duracion, puntuacionLealtad) values (28, 890225, 'Encerado', 5000, 10000, 20, 10);
insert into Lavado (id_Lavado, personalRequerido, nombre, costo, precio, duracion, puntuacionLealtad) values (29, 979208, 'Encerado', 6000, 11000, 90, 11);
insert into Lavado (id_Lavado, personalRequerido, nombre, costo, precio, duracion, puntuacionLealtad) values (30, 975481, 'Aspirado', 6000, 11000, 20, 11);
insert into Lavado (id_Lavado, personalRequerido, nombre, costo, precio, duracion, puntuacionLealtad) values (31, 965623, 'Encerado', 5000, 10000, 120, 10);
insert into Lavado (id_Lavado, personalRequerido, nombre, costo, precio, duracion, puntuacionLealtad) values (32, 979208, 'Encerado', 6000, 11000, 120, 11);
insert into Lavado (id_Lavado, personalRequerido, nombre, costo, precio, duracion, puntuacionLealtad) values (33, 982082, 'Lavado parabrisas', 8000, 13000, 60, 13);
insert into Lavado (id_Lavado, personalRequerido, nombre, costo, precio, duracion, puntuacionLealtad) values (34, 890225, 'Encerado', 8000, 13000, 10, 13);
insert into Lavado (id_Lavado, personalRequerido, nombre, costo, precio, duracion, puntuacionLealtad) values (35, 892745, 'Encerado', 7500, 12500, 90, 13);
insert into Lavado (id_Lavado, personalRequerido, nombre, costo, precio, duracion, puntuacionLealtad) values (36, 975405, 'Aspirado', 9000, 14000, 20, 14);
insert into Lavado (id_Lavado, personalRequerido, nombre, costo, precio, duracion, puntuacionLealtad) values (37, 967188, 'Lavado retrovisores', 7500, 12500, 20, 13);
insert into Lavado (id_Lavado, personalRequerido, nombre, costo, precio, duracion, puntuacionLealtad) values (38, 975481, 'Aspirado', 9000, 14000, 20, 14);
insert into Lavado (id_Lavado, personalRequerido, nombre, costo, precio, duracion, puntuacionLealtad) values (39, 890225, 'Lavado completo', 10000, 15000, 120, 15);
insert into Lavado (id_Lavado, personalRequerido, nombre, costo, precio, duracion, puntuacionLealtad) values (40, 982082, 'Lavado parabrisas', 8000, 13000, 90, 13);
insert into Lavado (id_Lavado, personalRequerido, nombre, costo, precio, duracion, puntuacionLealtad) values (41, 967188, 'Encerado', 5000, 10000, 90, 10);
insert into Lavado (id_Lavado, personalRequerido, nombre, costo, precio, duracion, puntuacionLealtad) values (42, 979208, 'Lavado retrovisores', 10000, 15000, 10, 15);
insert into Lavado (id_Lavado, personalRequerido, nombre, costo, precio, duracion, puntuacionLealtad) values (43, 979208, 'Lavado retrovisores', 5500, 10500, 120, 11);
insert into Lavado (id_Lavado, personalRequerido, nombre, costo, precio, duracion, puntuacionLealtad) values (44, 967188, 'Lavado completo', 10000, 15000, 120, 15);
insert into Lavado (id_Lavado, personalRequerido, nombre, costo, precio, duracion, puntuacionLealtad) values (45, 892745, 'Lavado completo', 10000, 15000, 90, 15);
insert into Lavado (id_Lavado, personalRequerido, nombre, costo, precio, duracion, puntuacionLealtad) values (46, 979208, 'Lavado completo', 10000, 15000, 90, 15);
insert into Lavado (id_Lavado, personalRequerido, nombre, costo, precio, duracion, puntuacionLealtad) values (47, 975481, 'Aspirado', 9000, 14000, 20, 14);
insert into Lavado (id_Lavado, personalRequerido, nombre, costo, precio, duracion, puntuacionLealtad) values (48, 982082, 'Encerado', 9000, 14000, 90, 14);
insert into Lavado (id_Lavado, personalRequerido, nombre, costo, precio, duracion, puntuacionLealtad) values (49, 893342, 'Lavado retrovisores', 9000, 14000, 60, 14);
insert into Lavado (id_Lavado, personalRequerido, nombre, costo, precio, duracion, puntuacionLealtad) values (50, 982082, 'Encerado', 6500, 11500, 20, 12);

--Factura

insert into Factura (ID_Factura, servicio, monto, iva, cliente) values (9346, 1, 10000, 1300, 128991);
insert into Factura (ID_Factura, servicio, monto, iva, cliente) values (7950, 2, 11500, 1495, 146044);
insert into Factura (ID_Factura, servicio, monto, iva, cliente) values (6689, 3, 14000, 1820, 159080);
insert into Factura (ID_Factura, servicio, monto, iva, cliente) values (4860, 4, 15000, 1950, 164593);
insert into Factura (ID_Factura, servicio, monto, iva, cliente) values (4006, 5, 14000, 1820, 172296);
insert into Factura (ID_Factura, servicio, monto, iva, cliente) values (1307, 6, 13000, 1690, 191885);
insert into Factura (ID_Factura, servicio, monto, iva, cliente) values (4242, 7, 12500, 1625, 199612);
insert into Factura (ID_Factura, servicio, monto, iva, cliente) values (5004, 8, 15000, 1950, 211888);
insert into Factura (ID_Factura, servicio, monto, iva, cliente) values (4260, 9, 10000, 1300, 226672);
insert into Factura (ID_Factura, servicio, monto, iva, cliente) values (3009, 10, 11000, 1430, 230790);
insert into Factura (ID_Factura, servicio, monto, iva, cliente) values (5085, 11, 11500, 1495, 238383);
insert into Factura (ID_Factura, servicio, monto, iva, cliente) values (4798, 12, 15000, 1950, 239316);
insert into Factura (ID_Factura, servicio, monto, iva, cliente) values (5559, 13, 15000, 1950, 264274);
insert into Factura (ID_Factura, servicio, monto, iva, cliente) values (5212, 14, 15000, 1950, 264583);
insert into Factura (ID_Factura, servicio, monto, iva, cliente) values (8081, 15, 10500, 1365, 277639);
insert into Factura (ID_Factura, servicio, monto, iva, cliente) values (2107, 16, 15000, 1950, 281695);
insert into Factura (ID_Factura, servicio, monto, iva, cliente) values (1117, 17, 10500, 1365, 283795);
insert into Factura (ID_Factura, servicio, monto, iva, cliente) values (6944, 18, 11500, 1495, 287619);
insert into Factura (ID_Factura, servicio, monto, iva, cliente) values (5068, 19, 10500, 1365, 288730);
insert into Factura (ID_Factura, servicio, monto, iva, cliente) values (4072, 20, 13000, 1690, 290309);
insert into Factura (ID_Factura, servicio, monto, iva, cliente) values (3366, 21, 15000, 1950, 290847);
insert into Factura (ID_Factura, servicio, monto, iva, cliente) values (5807, 22, 11000, 1430, 291929);
insert into Factura (ID_Factura, servicio, monto, iva, cliente) values (6982, 23, 15000, 1950, 303966);
insert into Factura (ID_Factura, servicio, monto, iva, cliente) values (7479, 24, 14000, 1820, 309677);
insert into Factura (ID_Factura, servicio, monto, iva, cliente) values (4991, 25, 10000, 1300, 315579);
insert into Factura (ID_Factura, servicio, monto, iva, cliente) values (5863, 26, 10500, 1365, 323337);
insert into Factura (ID_Factura, servicio, monto, iva, cliente) values (4390, 27, 15000, 1950, 355358);
insert into Factura (ID_Factura, servicio, monto, iva, cliente) values (7869, 28, 10000, 1300, 357112);
insert into Factura (ID_Factura, servicio, monto, iva, cliente) values (9109, 29, 11000, 1430, 368284);
insert into Factura (ID_Factura, servicio, monto, iva, cliente) values (6903, 30, 11000, 1430, 377502);
insert into Factura (ID_Factura, servicio, monto, iva, cliente) values (5752, 31, 10000, 1300, 381620);
insert into Factura (ID_Factura, servicio, monto, iva, cliente) values (4049, 32, 11000, 1430, 386621);
insert into Factura (ID_Factura, servicio, monto, iva, cliente) values (8461, 33, 13000, 1690, 390146);
insert into Factura (ID_Factura, servicio, monto, iva, cliente) values (6092, 34, 13000, 1690, 401723);
insert into Factura (ID_Factura, servicio, monto, iva, cliente) values (6535, 35, 12500, 1625, 407046);
insert into Factura (ID_Factura, servicio, monto, iva, cliente) values (6133, 36, 14000, 1820, 408763);
insert into Factura (ID_Factura, servicio, monto, iva, cliente) values (1020, 37, 12500, 1625, 411982);
insert into Factura (ID_Factura, servicio, monto, iva, cliente) values (3473, 38, 14000, 1820, 418163);
insert into Factura (ID_Factura, servicio, monto, iva, cliente) values (8006, 39, 15000, 1950, 425507);
insert into Factura (ID_Factura, servicio, monto, iva, cliente) values (9761, 40, 13000, 1690, 431001);
insert into Factura (ID_Factura, servicio, monto, iva, cliente) values (4361, 41, 10000, 1300, 439412);
insert into Factura (ID_Factura, servicio, monto, iva, cliente) values (1805, 42, 15000, 1950, 441729);
insert into Factura (ID_Factura, servicio, monto, iva, cliente) values (8347, 43, 10500, 1365, 448965);
insert into Factura (ID_Factura, servicio, monto, iva, cliente) values (2720, 44, 15000, 1950, 449319);
insert into Factura (ID_Factura, servicio, monto, iva, cliente) values (7215, 45, 15000, 1950, 449635);
insert into Factura (ID_Factura, servicio, monto, iva, cliente) values (1749, 46, 15000, 1950, 456986);
insert into Factura (ID_Factura, servicio, monto, iva, cliente) values (2287, 47, 14000, 1820, 462087);
insert into Factura (ID_Factura, servicio, monto, iva, cliente) values (1441, 48, 14000, 1820, 475592);
insert into Factura (ID_Factura, servicio, monto, iva, cliente) values (2957, 49, 14000, 1820, 477542);
insert into Factura (ID_Factura, servicio, monto, iva, cliente) values (7880, 50, 11500, 1495, 497099);

-- Cita

insert into Cita (cliente, placaVehiculo, sucursal, idLavado, factura, numeroCita) values (411982, 'CFB622', 'Predovic-Macejkovic', 1, 1020, 636256);
insert into Cita (cliente, placaVehiculo, sucursal, idLavado, factura, numeroCita) values (283795, 'MUG417', 'Toy Inc', 2, 1117, 387568);
insert into Cita (cliente, placaVehiculo, sucursal, idLavado, factura, numeroCita) values (191885, 'ISH509', 'Schiller Pfeffer and Leffler', 3, 1307, 874519);
insert into Cita (cliente, placaVehiculo, sucursal, idLavado, factura, numeroCita) values (475592, 'NHK262', 'McGlynn-Cremin', 4, 1441, 331837);
insert into Cita (cliente, placaVehiculo, sucursal, idLavado, factura, numeroCita) values (456986, 'HCM679', 'Kerluke Jaskolski and Ondricka', 5, 1749, 530847);
insert into Cita (cliente, placaVehiculo, sucursal, idLavado, factura, numeroCita) values (441729, 'FWN252', 'Witting Group', 6, 1805, 522740);
insert into Cita (cliente, placaVehiculo, sucursal, idLavado, factura, numeroCita) values (281695, 'HHP062', 'Veum and Sons', 7, 2107, 874963);
insert into Cita (cliente, placaVehiculo, sucursal, idLavado, factura, numeroCita) values (462087, 'ONC408', 'Predovic-Macejkovic', 8, 2287, 949048);
insert into Cita (cliente, placaVehiculo, sucursal, idLavado, factura, numeroCita) values (449319, 'FAR373', 'Schiller Pfeffer and Leffler', 9, 2720, 137335);
insert into Cita (cliente, placaVehiculo, sucursal, idLavado, factura, numeroCita) values (477542, 'AAA370', 'Toy Inc', 10, 2957, 293976);
insert into Cita (cliente, placaVehiculo, sucursal, idLavado, factura, numeroCita) values (230790, 'EDN909', 'Larkin Group', 11, 3009, 32934);
insert into Cita (cliente, placaVehiculo, sucursal, idLavado, factura, numeroCita) values (290847, 'VYO515', 'Witting Group', 12, 3366, 829740);
insert into Cita (cliente, placaVehiculo, sucursal, idLavado, factura, numeroCita) values (418163, 'WDP751', 'Witting Group', 13, 3473, 89343);
insert into Cita (cliente, placaVehiculo, sucursal, idLavado, factura, numeroCita) values (172296, 'JHX278', 'Dickens Emard and Hane', 14, 4006, 721647);
insert into Cita (cliente, placaVehiculo, sucursal, idLavado, factura, numeroCita) values (386621, 'SUF996', 'Durgan Bradtke and Paucek', 15, 4049, 85197);
insert into Cita (cliente, placaVehiculo, sucursal, idLavado, factura, numeroCita) values (290309, 'SIW236', 'Kerluke Jaskolski and Ondricka', 16, 4072, 537188);
insert into Cita (cliente, placaVehiculo, sucursal, idLavado, factura, numeroCita) values (199612, 'BJJ004', 'Rice Bailey and Crist', 17, 4242, 714726);
insert into Cita (cliente, placaVehiculo, sucursal, idLavado, factura, numeroCita) values (226672, 'YKJ548', 'Terry-Von', 18, 4260, 791253);
insert into Cita (cliente, placaVehiculo, sucursal, idLavado, factura, numeroCita) values (439412, 'JXD058', 'Durgan Bradtke and Paucek', 19, 4361, 430759);
insert into Cita (cliente, placaVehiculo, sucursal, idLavado, factura, numeroCita) values (355358, 'UOF938', 'Veum and Sons', 20, 4390, 669084);
insert into Cita (cliente, placaVehiculo, sucursal, idLavado, factura, numeroCita) values (239316, 'LQK043', 'Bayer-Ryan', 21, 4798, 492532);
insert into Cita (cliente, placaVehiculo, sucursal, idLavado, factura, numeroCita) values (164593, 'JMA708', 'Rice Bailey and Crist', 22, 4860, 113917);
insert into Cita (cliente, placaVehiculo, sucursal, idLavado, factura, numeroCita) values (315579, 'HHY052', 'Schiller Pfeffer and Leffler', 23, 4991, 521494);
insert into Cita (cliente, placaVehiculo, sucursal, idLavado, factura, numeroCita) values (211888, 'HIC794', 'Terry-Von', 24, 5004, 484975);
insert into Cita (cliente, placaVehiculo, sucursal, idLavado, factura, numeroCita) values (288730, 'BYC475', 'Durgan Bradtke and Paucek', 25, 5068, 611041);
insert into Cita (cliente, placaVehiculo, sucursal, idLavado, factura, numeroCita) values (238383, 'RZT088', 'Veum and Sons', 26, 5085, 574656);
insert into Cita (cliente, placaVehiculo, sucursal, idLavado, factura, numeroCita) values (264583, 'ANZ478', 'Terry-Von', 27, 5212, 356553);
insert into Cita (cliente, placaVehiculo, sucursal, idLavado, factura, numeroCita) values (264274, 'XHE946', 'Schneider Bayer and Cummings', 28, 5559, 474504);
insert into Cita (cliente, placaVehiculo, sucursal, idLavado, factura, numeroCita) values (381620, 'QVD963', 'Dickens Emard and Hane', 29, 5752, 548122);
insert into Cita (cliente, placaVehiculo, sucursal, idLavado, factura, numeroCita) values (291929, 'UBZ959', 'Schiller Pfeffer and Leffler', 30, 5807, 147538);
insert into Cita (cliente, placaVehiculo, sucursal, idLavado, factura, numeroCita) values (323337, 'BRA479', 'Dickens Emard and Hane', 31, 5863, 139227);
insert into Cita (cliente, placaVehiculo, sucursal, idLavado, factura, numeroCita) values (401723, 'FXE072', 'Veum and Sons', 32, 6092, 309783);
insert into Cita (cliente, placaVehiculo, sucursal, idLavado, factura, numeroCita) values (408763, 'YZM899', 'Schneider Bayer and Cummings', 33, 6133, 568082);
insert into Cita (cliente, placaVehiculo, sucursal, idLavado, factura, numeroCita) values (407046, 'UYR776', 'Bayer-Ryan', 34, 6535, 437370);
insert into Cita (cliente, placaVehiculo, sucursal, idLavado, factura, numeroCita) values (159080, 'TSI989', 'Kerluke Jaskolski and Ondricka', 35, 6689, 914712);
insert into Cita (cliente, placaVehiculo, sucursal, idLavado, factura, numeroCita) values (377502, 'DKL673', 'McGlynn-Cremin', 36, 6903, 739396);
insert into Cita (cliente, placaVehiculo, sucursal, idLavado, factura, numeroCita) values (287619, 'IRN125', 'Larkin Group', 37, 6944, 620780);
insert into Cita (cliente, placaVehiculo, sucursal, idLavado, factura, numeroCita) values (303966, 'HGY761', 'Franecki Miller and Hyatt', 38, 6982, 800707);
insert into Cita (cliente, placaVehiculo, sucursal, idLavado, factura, numeroCita) values (449635, 'FQH665', 'Durgan Bradtke and Paucek', 39, 7215, 749712);
insert into Cita (cliente, placaVehiculo, sucursal, idLavado, factura, numeroCita) values (309677, 'NRO786', 'Schiller Pfeffer and Leffler', 40, 7479, 794956);
insert into Cita (cliente, placaVehiculo, sucursal, idLavado, factura, numeroCita) values (357112, 'CVH017', 'Larkin Group', 41, 7869, 96087);
insert into Cita (cliente, placaVehiculo, sucursal, idLavado, factura, numeroCita) values (497099, 'DZF938', 'Franecki Miller and Hyatt', 42, 7880, 442906);
insert into Cita (cliente, placaVehiculo, sucursal, idLavado, factura, numeroCita) values (146044, 'WCH840', 'Rice Bailey and Crist', 43, 7950, 853766);
insert into Cita (cliente, placaVehiculo, sucursal, idLavado, factura, numeroCita) values (425507, 'PRH856', 'Larkin Group', 44, 8006, 78339);
insert into Cita (cliente, placaVehiculo, sucursal, idLavado, factura, numeroCita) values (277639, 'XGH404', 'Kerluke Jaskolski and Ondricka', 45, 8081, 590869);
insert into Cita (cliente, placaVehiculo, sucursal, idLavado, factura, numeroCita) values (448965, 'FCR359', 'Rice Bailey and Crist', 46, 8347, 416895);
insert into Cita (cliente, placaVehiculo, sucursal, idLavado, factura, numeroCita) values (390146, 'WYV450', 'Veum and Sons', 47, 8461, 600820);
insert into Cita (cliente, placaVehiculo, sucursal, idLavado, factura, numeroCita) values (368284, 'GUH314', 'Schneider Bayer and Cummings', 48, 9109, 423291);
insert into Cita (cliente, placaVehiculo, sucursal, idLavado, factura, numeroCita) values (128991, 'ZPC637', 'Bayer-Ryan', 49, 9346, 933765);
insert into Cita (cliente, placaVehiculo, sucursal, idLavado, factura, numeroCita) values (431001, 'KBG546', 'Predovic-Macejkovic', 50, 9761, 725864);

-- Citas_por_cliente

INSERT INTO Citas_por_Cliente (numeroCita, cedula_cliente) SELECT numeroCita,cliente FROM Cita;

insert into Producto_por_factura (ID_Factura, nombre_producto) values (1020, 'all day relief');
insert into Producto_por_factura (ID_Factura, nombre_producto) values (1117, 'Allergy Relief');
insert into Producto_por_factura (ID_Factura, nombre_producto) values (1307, 'Cianuro');
insert into Producto_por_factura (ID_Factura, nombre_producto) values (1441, 'Cimetidine');
insert into Producto_por_factura (ID_Factura, nombre_producto) values (1749, 'DAMOAE THERAPY');
insert into Producto_por_factura (ID_Factura, nombre_producto) values (1805, 'Desert Sage');
insert into Producto_por_factura (ID_Factura, nombre_producto) values (2107, 'DR. RECKEWEG R60 Purhaemine');
insert into Producto_por_factura (ID_Factura, nombre_producto) values (2287, 'Gildagia');
insert into Producto_por_factura (ID_Factura, nombre_producto) values (2720, 'Haloperidol');
insert into Producto_por_factura (ID_Factura, nombre_producto) values (2957, 'HydraLife');
insert into Producto_por_factura (ID_Factura, nombre_producto) values (3009, 'Hydrocodone Bitartrate and Acetaminophen');
insert into Producto_por_factura (ID_Factura, nombre_producto) values (3366, 'Krebs Stimulator Plus');
insert into Producto_por_factura (ID_Factura, nombre_producto) values (3473, 'Lidocaine Hydrochloride and Epinephrine');
insert into Producto_por_factura (ID_Factura, nombre_producto) values (4006, 'Naproxen');
insert into Producto_por_factura (ID_Factura, nombre_producto) values (4049, 'Nitrofurantoin Macrocrystals');
insert into Producto_por_factura (ID_Factura, nombre_producto) values (4072, 'Obao');
insert into Producto_por_factura (ID_Factura, nombre_producto) values (4242, 'Octagam Immune Globulin (Human)');
insert into Producto_por_factura (ID_Factura, nombre_producto) values (4260, 'PANCREAZE');
insert into Producto_por_factura (ID_Factura, nombre_producto) values (4361, 'PANROSA Honey Scented Hand');
insert into Producto_por_factura (ID_Factura, nombre_producto) values (4390, 'Pomegranate Hand Sanitizer');
insert into Producto_por_factura (ID_Factura, nombre_producto) values (4798, 'Rhizopus oryzae');
insert into Producto_por_factura (ID_Factura, nombre_producto) values (4860, 'THERA Moisturizing Body Shield');
insert into Producto_por_factura (ID_Factura, nombre_producto) values (4991, 'Torsemide');
insert into Producto_por_factura (ID_Factura, nombre_producto) values (5004, 'TOURCIA NUTRI ESSENCE');
insert into Producto_por_factura (ID_Factura, nombre_producto) values (5068, 'Zolmitriptan');
insert into Producto_por_factura (ID_Factura, nombre_producto) values (5085, 'all day relief');
insert into Producto_por_factura (ID_Factura, nombre_producto) values (5212, 'Allergy Relief');
insert into Producto_por_factura (ID_Factura, nombre_producto) values (5559, 'Cianuro');
insert into Producto_por_factura (ID_Factura, nombre_producto) values (5752, 'Cimetidine');
insert into Producto_por_factura (ID_Factura, nombre_producto) values (5807, 'DAMOAE THERAPY');
insert into Producto_por_factura (ID_Factura, nombre_producto) values (5863, 'Desert Sage');
insert into Producto_por_factura (ID_Factura, nombre_producto) values (6092, 'DR. RECKEWEG R60 Purhaemine');
insert into Producto_por_factura (ID_Factura, nombre_producto) values (6133, 'Gildagia');
insert into Producto_por_factura (ID_Factura, nombre_producto) values (6535, 'Haloperidol');
insert into Producto_por_factura (ID_Factura, nombre_producto) values (6689, 'HydraLife');
insert into Producto_por_factura (ID_Factura, nombre_producto) values (6903, 'Hydrocodone Bitartrate and Acetaminophen');
insert into Producto_por_factura (ID_Factura, nombre_producto) values (6944, 'Krebs Stimulator Plus');
insert into Producto_por_factura (ID_Factura, nombre_producto) values (6982, 'Lidocaine Hydrochloride and Epinephrine');
insert into Producto_por_factura (ID_Factura, nombre_producto) values (7215, 'Naproxen');
insert into Producto_por_factura (ID_Factura, nombre_producto) values (7479, 'Nitrofurantoin Macrocrystals');
insert into Producto_por_factura (ID_Factura, nombre_producto) values (7869, 'Obao');
insert into Producto_por_factura (ID_Factura, nombre_producto) values (7880, 'Octagam Immune Globulin (Human)');
insert into Producto_por_factura (ID_Factura, nombre_producto) values (7950, 'PANCREAZE');
insert into Producto_por_factura (ID_Factura, nombre_producto) values (8006, 'PANROSA Honey Scented Hand');
insert into Producto_por_factura (ID_Factura, nombre_producto) values (8081, 'Pomegranate Hand Sanitizer');
insert into Producto_por_factura (ID_Factura, nombre_producto) values (8347, 'Rhizopus oryzae');
insert into Producto_por_factura (ID_Factura, nombre_producto) values (8461, 'THERA Moisturizing Body Shield');
insert into Producto_por_factura (ID_Factura, nombre_producto) values (9109, 'Torsemide');
insert into Producto_por_factura (ID_Factura, nombre_producto) values (9346, 'TOURCIA NUTRI ESSENCE');
insert into Producto_por_factura (ID_Factura, nombre_producto) values (9761, 'Zolmitriptan');

-- Producto_por_proveedor

insert into Producto_por_Proveedor (cedula_proveedor, nombre_producto) values (1432, 'PANCREAZE');
insert into Producto_por_Proveedor (cedula_proveedor, nombre_producto) values (2313, 'Hydrocodone Bitartrate and Acetaminophen');
insert into Producto_por_Proveedor (cedula_proveedor, nombre_producto) values (2555, 'Octagam Immune Globulin (Human)');
insert into Producto_por_Proveedor (cedula_proveedor, nombre_producto) values (2828, 'all day relief');
insert into Producto_por_Proveedor (cedula_proveedor, nombre_producto) values (3088, 'Gildagia');
insert into Producto_por_Proveedor (cedula_proveedor, nombre_producto) values (3098, 'Pomegranate Hand Sanitizer');
insert into Producto_por_Proveedor (cedula_proveedor, nombre_producto) values (3225, 'Octagam Immune Globulin (Human)');
insert into Producto_por_Proveedor (cedula_proveedor, nombre_producto) values (3498, 'Cianuro');
insert into Producto_por_Proveedor (cedula_proveedor, nombre_producto) values (3994, 'DR. RECKEWEG R60 Purhaemine');
insert into Producto_por_Proveedor (cedula_proveedor, nombre_producto) values (4093, 'Octagam Immune Globulin (Human)');
insert into Producto_por_Proveedor (cedula_proveedor, nombre_producto) values (4150, 'all day relief');
insert into Producto_por_Proveedor (cedula_proveedor, nombre_producto) values (4158, 'Lidocaine Hydrochloride and Epinephrine');
insert into Producto_por_Proveedor (cedula_proveedor, nombre_producto) values (4208, 'PANROSA Honey Scented Hand');
insert into Producto_por_Proveedor (cedula_proveedor, nombre_producto) values (4724, 'Octagam Immune Globulin (Human)');
insert into Producto_por_Proveedor (cedula_proveedor, nombre_producto) values (5110, 'Naproxen');
insert into Producto_por_Proveedor (cedula_proveedor, nombre_producto) values (5132, 'Allergy Relief');
insert into Producto_por_Proveedor (cedula_proveedor, nombre_producto) values (5194, 'Cianuro');
insert into Producto_por_Proveedor (cedula_proveedor, nombre_producto) values (6067, 'PANROSA Honey Scented Hand');
insert into Producto_por_Proveedor (cedula_proveedor, nombre_producto) values (6540, 'Torsemide');
insert into Producto_por_Proveedor (cedula_proveedor, nombre_producto) values (7230, 'Allergy Relief');
insert into Producto_por_Proveedor (cedula_proveedor, nombre_producto) values (7528, 'Pomegranate Hand Sanitizer');
insert into Producto_por_Proveedor (cedula_proveedor, nombre_producto) values (8086, 'Haloperidol');
insert into Producto_por_Proveedor (cedula_proveedor, nombre_producto) values (8093, 'Haloperidol');
insert into Producto_por_Proveedor (cedula_proveedor, nombre_producto) values (8689, 'HydraLife');
insert into Producto_por_Proveedor (cedula_proveedor, nombre_producto) values (8702, 'Allergy Relief');
insert into Producto_por_Proveedor (cedula_proveedor, nombre_producto) values (1432, 'Cianuro');
insert into Producto_por_Proveedor (cedula_proveedor, nombre_producto) values (2313, 'Obao');
insert into Producto_por_Proveedor (cedula_proveedor, nombre_producto) values (2555, 'Haloperidol');
insert into Producto_por_Proveedor (cedula_proveedor, nombre_producto) values (2828, 'HydraLife');
insert into Producto_por_Proveedor (cedula_proveedor, nombre_producto) values (3088, 'Cianuro');
insert into Producto_por_Proveedor (cedula_proveedor, nombre_producto) values (3098, 'PANROSA Honey Scented Hand');
insert into Producto_por_Proveedor (cedula_proveedor, nombre_producto) values (3225, 'HydraLife');
insert into Producto_por_Proveedor (cedula_proveedor, nombre_producto) values (3498, 'all day relief');
insert into Producto_por_Proveedor (cedula_proveedor, nombre_producto) values (3994, 'all day relief');
insert into Producto_por_Proveedor (cedula_proveedor, nombre_producto) values (4093, 'Lidocaine Hydrochloride and Epinephrine');
insert into Producto_por_Proveedor (cedula_proveedor, nombre_producto) values (4150, 'Desert Sage');
insert into Producto_por_Proveedor (cedula_proveedor, nombre_producto) values (4158, 'Pomegranate Hand Sanitizer');
insert into Producto_por_Proveedor (cedula_proveedor, nombre_producto) values (4208, 'Pomegranate Hand Sanitizer');
insert into Producto_por_Proveedor (cedula_proveedor, nombre_producto) values (4724, 'PANCREAZE');
insert into Producto_por_Proveedor (cedula_proveedor, nombre_producto) values (5110, 'Rhizopus oryzae');
insert into Producto_por_Proveedor (cedula_proveedor, nombre_producto) values (5132, 'Lidocaine Hydrochloride and Epinephrine');
insert into Producto_por_Proveedor (cedula_proveedor, nombre_producto) values (5194, 'DR. RECKEWEG R60 Purhaemine');
insert into Producto_por_Proveedor (cedula_proveedor, nombre_producto) values (6067, 'Pomegranate Hand Sanitizer');
insert into Producto_por_Proveedor (cedula_proveedor, nombre_producto) values (6540, 'Pomegranate Hand Sanitizer');
insert into Producto_por_Proveedor (cedula_proveedor, nombre_producto) values (7230, 'Desert Sage');
insert into Producto_por_Proveedor (cedula_proveedor, nombre_producto) values (7528, 'Desert Sage');
insert into Producto_por_Proveedor (cedula_proveedor, nombre_producto) values (8086, 'THERA Moisturizing Body Shield');
insert into Producto_por_Proveedor (cedula_proveedor, nombre_producto) values (8093, 'all day relief');
insert into Producto_por_Proveedor (cedula_proveedor, nombre_producto) values (8689, 'Cianuro');
insert into Producto_por_Proveedor (cedula_proveedor, nombre_producto) values (8702, 'Lidocaine Hydrochloride and Epinephrine');

-- Productos_por_lavado

insert into Productos_por_Lavado (id_lavado, nombre_producto) values (1, 'Gildagia');
insert into Productos_por_Lavado (id_lavado, nombre_producto) values (2, 'Desert Sage');
insert into Productos_por_Lavado (id_lavado, nombre_producto) values (3, 'Desert Sage');
insert into Productos_por_Lavado (id_lavado, nombre_producto) values (4, 'Hydrocodone Bitartrate and Acetaminophen');
insert into Productos_por_Lavado (id_lavado, nombre_producto) values (5, 'DR. RECKEWEG R60 Purhaemine');
insert into Productos_por_Lavado (id_lavado, nombre_producto) values (6, 'Krebs Stimulator Plus');
insert into Productos_por_Lavado (id_lavado, nombre_producto) values (7, 'Gildagia');
insert into Productos_por_Lavado (id_lavado, nombre_producto) values (8, 'Torsemide');
insert into Productos_por_Lavado (id_lavado, nombre_producto) values (9, 'all day relief');
insert into Productos_por_Lavado (id_lavado, nombre_producto) values (10, 'TOURCIA NUTRI ESSENCE');
insert into Productos_por_Lavado (id_lavado, nombre_producto) values (11, 'Obao');
insert into Productos_por_Lavado (id_lavado, nombre_producto) values (12, 'Zolmitriptan');
insert into Productos_por_Lavado (id_lavado, nombre_producto) values (13, 'DAMOAE THERAPY');
insert into Productos_por_Lavado (id_lavado, nombre_producto) values (14, 'DAMOAE THERAPY');
insert into Productos_por_Lavado (id_lavado, nombre_producto) values (15, 'PANCREAZE');
insert into Productos_por_Lavado (id_lavado, nombre_producto) values (16, 'Zolmitriptan');
insert into Productos_por_Lavado (id_lavado, nombre_producto) values (17, 'Octagam Immune Globulin (Human)');
insert into Productos_por_Lavado (id_lavado, nombre_producto) values (18, 'Zolmitriptan');
insert into Productos_por_Lavado (id_lavado, nombre_producto) values (19, 'TOURCIA NUTRI ESSENCE');
insert into Productos_por_Lavado (id_lavado, nombre_producto) values (20, 'Krebs Stimulator Plus');
insert into Productos_por_Lavado (id_lavado, nombre_producto) values (21, 'Desert Sage');
insert into Productos_por_Lavado (id_lavado, nombre_producto) values (22, 'DAMOAE THERAPY');
insert into Productos_por_Lavado (id_lavado, nombre_producto) values (23, 'Pomegranate Hand Sanitizer');
insert into Productos_por_Lavado (id_lavado, nombre_producto) values (24, 'PANCREAZE');
insert into Productos_por_Lavado (id_lavado, nombre_producto) values (25, 'PANROSA Honey Scented Hand');
insert into Productos_por_Lavado (id_lavado, nombre_producto) values (26, 'Torsemide');
insert into Productos_por_Lavado (id_lavado, nombre_producto) values (27, 'Octagam Immune Globulin (Human)');
insert into Productos_por_Lavado (id_lavado, nombre_producto) values (28, 'Hydrocodone Bitartrate and Acetaminophen');
insert into Productos_por_Lavado (id_lavado, nombre_producto) values (29, 'all day relief');
insert into Productos_por_Lavado (id_lavado, nombre_producto) values (30, 'Pomegranate Hand Sanitizer');
insert into Productos_por_Lavado (id_lavado, nombre_producto) values (31, 'all day relief');
insert into Productos_por_Lavado (id_lavado, nombre_producto) values (32, 'Pomegranate Hand Sanitizer');
insert into Productos_por_Lavado (id_lavado, nombre_producto) values (33, 'all day relief');
insert into Productos_por_Lavado (id_lavado, nombre_producto) values (34, 'HydraLife');
insert into Productos_por_Lavado (id_lavado, nombre_producto) values (35, 'DR. RECKEWEG R60 Purhaemine');
insert into Productos_por_Lavado (id_lavado, nombre_producto) values (36, 'Cianuro');
insert into Productos_por_Lavado (id_lavado, nombre_producto) values (37, 'Allergy Relief');
insert into Productos_por_Lavado (id_lavado, nombre_producto) values (38, 'PANCREAZE');
insert into Productos_por_Lavado (id_lavado, nombre_producto) values (39, 'Pomegranate Hand Sanitizer');
insert into Productos_por_Lavado (id_lavado, nombre_producto) values (40, 'DAMOAE THERAPY');
insert into Productos_por_Lavado (id_lavado, nombre_producto) values (41, 'TOURCIA NUTRI ESSENCE');
insert into Productos_por_Lavado (id_lavado, nombre_producto) values (42, 'all day relief');
insert into Productos_por_Lavado (id_lavado, nombre_producto) values (43, 'DAMOAE THERAPY');
insert into Productos_por_Lavado (id_lavado, nombre_producto) values (44, 'Krebs Stimulator Plus');
insert into Productos_por_Lavado (id_lavado, nombre_producto) values (45, 'Pomegranate Hand Sanitizer');
insert into Productos_por_Lavado (id_lavado, nombre_producto) values (46, 'Allergy Relief');
insert into Productos_por_Lavado (id_lavado, nombre_producto) values (47, 'PANCREAZE');
insert into Productos_por_Lavado (id_lavado, nombre_producto) values (48, 'Krebs Stimulator Plus');
insert into Productos_por_Lavado (id_lavado, nombre_producto) values (49, 'PANCREAZE');
insert into Productos_por_Lavado (id_lavado, nombre_producto) values (50, 'all day relief');
insert into Productos_por_Lavado (id_lavado, nombre_producto) values (1, 'DAMOAE THERAPY');
insert into Productos_por_Lavado (id_lavado, nombre_producto) values (2, 'THERA Moisturizing Body Shield');
insert into Productos_por_Lavado (id_lavado, nombre_producto) values (3, 'PANROSA Honey Scented Hand');
insert into Productos_por_Lavado (id_lavado, nombre_producto) values (4, 'Gildagia');
insert into Productos_por_Lavado (id_lavado, nombre_producto) values (5, 'PANROSA Honey Scented Hand');
insert into Productos_por_Lavado (id_lavado, nombre_producto) values (6, 'HydraLife');
insert into Productos_por_Lavado (id_lavado, nombre_producto) values (7, 'TOURCIA NUTRI ESSENCE');
insert into Productos_por_Lavado (id_lavado, nombre_producto) values (8, 'DAMOAE THERAPY');
insert into Productos_por_Lavado (id_lavado, nombre_producto) values (9, 'Cianuro');
insert into Productos_por_Lavado (id_lavado, nombre_producto) values (10, 'Cianuro');
insert into Productos_por_Lavado (id_lavado, nombre_producto) values (11, 'Nitrofurantoin Macrocrystals');
insert into Productos_por_Lavado (id_lavado, nombre_producto) values (12, 'Rhizopus oryzae');
insert into Productos_por_Lavado (id_lavado, nombre_producto) values (13, 'TOURCIA NUTRI ESSENCE');
insert into Productos_por_Lavado (id_lavado, nombre_producto) values (14, 'Allergy Relief');
insert into Productos_por_Lavado (id_lavado, nombre_producto) values (15, 'all day relief');
insert into Productos_por_Lavado (id_lavado, nombre_producto) values (16, 'Octagam Immune Globulin (Human)');
insert into Productos_por_Lavado (id_lavado, nombre_producto) values (17, 'Torsemide');
insert into Productos_por_Lavado (id_lavado, nombre_producto) values (18, 'THERA Moisturizing Body Shield');
insert into Productos_por_Lavado (id_lavado, nombre_producto) values (19, 'DAMOAE THERAPY');
insert into Productos_por_Lavado (id_lavado, nombre_producto) values (20, 'all day relief');
insert into Productos_por_Lavado (id_lavado, nombre_producto) values (21, 'DR. RECKEWEG R60 Purhaemine');
insert into Productos_por_Lavado (id_lavado, nombre_producto) values (22, 'Nitrofurantoin Macrocrystals');
insert into Productos_por_Lavado (id_lavado, nombre_producto) values (23, 'Allergy Relief');
insert into Productos_por_Lavado (id_lavado, nombre_producto) values (24, 'Pomegranate Hand Sanitizer');
insert into Productos_por_Lavado (id_lavado, nombre_producto) values (25, 'Naproxen');
insert into Productos_por_Lavado (id_lavado, nombre_producto) values (26, 'Cianuro');
insert into Productos_por_Lavado (id_lavado, nombre_producto) values (27, 'Cianuro');
insert into Productos_por_Lavado (id_lavado, nombre_producto) values (28, 'Krebs Stimulator Plus');
insert into Productos_por_Lavado (id_lavado, nombre_producto) values (29, 'Hydrocodone Bitartrate and Acetaminophen');
insert into Productos_por_Lavado (id_lavado, nombre_producto) values (30, 'Octagam Immune Globulin (Human)');
insert into Productos_por_Lavado (id_lavado, nombre_producto) values (31, 'Rhizopus oryzae');
insert into Productos_por_Lavado (id_lavado, nombre_producto) values (32, 'THERA Moisturizing Body Shield');
insert into Productos_por_Lavado (id_lavado, nombre_producto) values (33, 'DR. RECKEWEG R60 Purhaemine');
insert into Productos_por_Lavado (id_lavado, nombre_producto) values (34, 'Rhizopus oryzae');
insert into Productos_por_Lavado (id_lavado, nombre_producto) values (35, 'all day relief');
insert into Productos_por_Lavado (id_lavado, nombre_producto) values (36, 'Octagam Immune Globulin (Human)');
insert into Productos_por_Lavado (id_lavado, nombre_producto) values (37, 'Zolmitriptan');
insert into Productos_por_Lavado (id_lavado, nombre_producto) values (38, 'Cianuro');
insert into Productos_por_Lavado (id_lavado, nombre_producto) values (39, 'Zolmitriptan');
insert into Productos_por_Lavado (id_lavado, nombre_producto) values (40, 'TOURCIA NUTRI ESSENCE');
insert into Productos_por_Lavado (id_lavado, nombre_producto) values (41, 'Nitrofurantoin Macrocrystals');
insert into Productos_por_Lavado (id_lavado, nombre_producto) values (42, 'DR. RECKEWEG R60 Purhaemine');
insert into Productos_por_Lavado (id_lavado, nombre_producto) values (43, 'Allergy Relief');
insert into Productos_por_Lavado (id_lavado, nombre_producto) values (44, 'all day relief');
insert into Productos_por_Lavado (id_lavado, nombre_producto) values (45, 'Obao');
insert into Productos_por_Lavado (id_lavado, nombre_producto) values (46, 'Nitrofurantoin Macrocrystals');
insert into Productos_por_Lavado (id_lavado, nombre_producto) values (47, 'Hydrocodone Bitartrate and Acetaminophen');
insert into Productos_por_Lavado (id_lavado, nombre_producto) values (48, 'Hydrocodone Bitartrate and Acetaminophen');
insert into Productos_por_Lavado (id_lavado, nombre_producto) values (49, 'Nitrofurantoin Macrocrystals');
insert into Productos_por_Lavado (id_lavado, nombre_producto) values (50, 'Haloperidol');

-- Snacks_por_factura

insert into Snacks_por_Factura (IDFactura, snack_id) values (1020, 102);
insert into Snacks_por_Factura (IDFactura, snack_id) values (1117, 103);
insert into Snacks_por_Factura (IDFactura, snack_id) values (1307, 106);
insert into Snacks_por_Factura (IDFactura, snack_id) values (1441, 128);
insert into Snacks_por_Factura (IDFactura, snack_id) values (1749, 139);
insert into Snacks_por_Factura (IDFactura, snack_id) values (1805, 141);
insert into Snacks_por_Factura (IDFactura, snack_id) values (2107, 159);
insert into Snacks_por_Factura (IDFactura, snack_id) values (2287, 162);
insert into Snacks_por_Factura (IDFactura, snack_id) values (2720, 170);
insert into Snacks_por_Factura (IDFactura, snack_id) values (2957, 191);
insert into Snacks_por_Factura (IDFactura, snack_id) values (3009, 199);
insert into Snacks_por_Factura (IDFactura, snack_id) values (3366, 217);
insert into Snacks_por_Factura (IDFactura, snack_id) values (3473, 226);
insert into Snacks_por_Factura (IDFactura, snack_id) values (4006, 231);
insert into Snacks_por_Factura (IDFactura, snack_id) values (4049, 241);
insert into Snacks_por_Factura (IDFactura, snack_id) values (4072, 247);
insert into Snacks_por_Factura (IDFactura, snack_id) values (4242, 251);
insert into Snacks_por_Factura (IDFactura, snack_id) values (4260, 262);
insert into Snacks_por_Factura (IDFactura, snack_id) values (4361, 263);
insert into Snacks_por_Factura (IDFactura, snack_id) values (4390, 289);
insert into Snacks_por_Factura (IDFactura, snack_id) values (4798, 294);
insert into Snacks_por_Factura (IDFactura, snack_id) values (4860, 312);
insert into Snacks_por_Factura (IDFactura, snack_id) values (4991, 317);
insert into Snacks_por_Factura (IDFactura, snack_id) values (5004, 322);
insert into Snacks_por_Factura (IDFactura, snack_id) values (5068, 331);
insert into Snacks_por_Factura (IDFactura, snack_id) values (5085, 367);
insert into Snacks_por_Factura (IDFactura, snack_id) values (5212, 388);
insert into Snacks_por_Factura (IDFactura, snack_id) values (5559, 391);
insert into Snacks_por_Factura (IDFactura, snack_id) values (5752, 392);
insert into Snacks_por_Factura (IDFactura, snack_id) values (5807, 396);
insert into Snacks_por_Factura (IDFactura, snack_id) values (5863, 401);
insert into Snacks_por_Factura (IDFactura, snack_id) values (6092, 402);
insert into Snacks_por_Factura (IDFactura, snack_id) values (6133, 409);
insert into Snacks_por_Factura (IDFactura, snack_id) values (6535, 416);
insert into Snacks_por_Factura (IDFactura, snack_id) values (6689, 418);
insert into Snacks_por_Factura (IDFactura, snack_id) values (6903, 427);
insert into Snacks_por_Factura (IDFactura, snack_id) values (6944, 448);
insert into Snacks_por_Factura (IDFactura, snack_id) values (6982, 455);
insert into Snacks_por_Factura (IDFactura, snack_id) values (7215, 463);
insert into Snacks_por_Factura (IDFactura, snack_id) values (7479, 485);
insert into Snacks_por_Factura (IDFactura, snack_id) values (7869, 486);
insert into Snacks_por_Factura (IDFactura, snack_id) values (7880, 493);
insert into Snacks_por_Factura (IDFactura, snack_id) values (7950, 522);
insert into Snacks_por_Factura (IDFactura, snack_id) values (8006, 532);
insert into Snacks_por_Factura (IDFactura, snack_id) values (8081, 542);
insert into Snacks_por_Factura (IDFactura, snack_id) values (8347, 544);
insert into Snacks_por_Factura (IDFactura, snack_id) values (8461, 546);
insert into Snacks_por_Factura (IDFactura, snack_id) values (9109, 547);
insert into Snacks_por_Factura (IDFactura, snack_id) values (9346, 562);
insert into Snacks_por_Factura (IDFactura, snack_id) values (9761, 579);
insert into Snacks_por_Factura (IDFactura, snack_id) values (1020, 580);
insert into Snacks_por_Factura (IDFactura, snack_id) values (1117, 581);
insert into Snacks_por_Factura (IDFactura, snack_id) values (1307, 617);
insert into Snacks_por_Factura (IDFactura, snack_id) values (1441, 626);
insert into Snacks_por_Factura (IDFactura, snack_id) values (1749, 628);
insert into Snacks_por_Factura (IDFactura, snack_id) values (1805, 637);
insert into Snacks_por_Factura (IDFactura, snack_id) values (2107, 652);
insert into Snacks_por_Factura (IDFactura, snack_id) values (2287, 675);
insert into Snacks_por_Factura (IDFactura, snack_id) values (2720, 681);
insert into Snacks_por_Factura (IDFactura, snack_id) values (2957, 692);
insert into Snacks_por_Factura (IDFactura, snack_id) values (3009, 711);
insert into Snacks_por_Factura (IDFactura, snack_id) values (3366, 720);
insert into Snacks_por_Factura (IDFactura, snack_id) values (3473, 722);
insert into Snacks_por_Factura (IDFactura, snack_id) values (4006, 732);
insert into Snacks_por_Factura (IDFactura, snack_id) values (4049, 739);
insert into Snacks_por_Factura (IDFactura, snack_id) values (4072, 745);
insert into Snacks_por_Factura (IDFactura, snack_id) values (4242, 755);
insert into Snacks_por_Factura (IDFactura, snack_id) values (4260, 756);
insert into Snacks_por_Factura (IDFactura, snack_id) values (4361, 786);
insert into Snacks_por_Factura (IDFactura, snack_id) values (4390, 790);
insert into Snacks_por_Factura (IDFactura, snack_id) values (4798, 802);
insert into Snacks_por_Factura (IDFactura, snack_id) values (4860, 805);
insert into Snacks_por_Factura (IDFactura, snack_id) values (4991, 811);
insert into Snacks_por_Factura (IDFactura, snack_id) values (5004, 816);
insert into Snacks_por_Factura (IDFactura, snack_id) values (5068, 829);
insert into Snacks_por_Factura (IDFactura, snack_id) values (5085, 830);
insert into Snacks_por_Factura (IDFactura, snack_id) values (5212, 837);
insert into Snacks_por_Factura (IDFactura, snack_id) values (5559, 838);
insert into Snacks_por_Factura (IDFactura, snack_id) values (5752, 864);
insert into Snacks_por_Factura (IDFactura, snack_id) values (5807, 883);
insert into Snacks_por_Factura (IDFactura, snack_id) values (5863, 886);
insert into Snacks_por_Factura (IDFactura, snack_id) values (6092, 893);
insert into Snacks_por_Factura (IDFactura, snack_id) values (6133, 924);
insert into Snacks_por_Factura (IDFactura, snack_id) values (6535, 928);
insert into Snacks_por_Factura (IDFactura, snack_id) values (6689, 933);
insert into Snacks_por_Factura (IDFactura, snack_id) values (6903, 940);
insert into Snacks_por_Factura (IDFactura, snack_id) values (6944, 941);
insert into Snacks_por_Factura (IDFactura, snack_id) values (6982, 949);
insert into Snacks_por_Factura (IDFactura, snack_id) values (7215, 951);
insert into Snacks_por_Factura (IDFactura, snack_id) values (7479, 964);
insert into Snacks_por_Factura (IDFactura, snack_id) values (7869, 968);
insert into Snacks_por_Factura (IDFactura, snack_id) values (7880, 969);
insert into Snacks_por_Factura (IDFactura, snack_id) values (7950, 970);
insert into Snacks_por_Factura (IDFactura, snack_id) values (8006, 971);
insert into Snacks_por_Factura (IDFactura, snack_id) values (8081, 986);
insert into Snacks_por_Factura (IDFactura, snack_id) values (8347, 995);
insert into Snacks_por_Factura (IDFactura, snack_id) values (8461, 996);
insert into Snacks_por_Factura (IDFactura, snack_id) values (9109, 997);
insert into Snacks_por_Factura (IDFactura, snack_id) values (9346, 998);
insert into Snacks_por_Factura (IDFactura, snack_id) values (9761, 999);

--Telefonos_por_cliente

insert into Telefonos_por_cliente (cliente, telefono) values ('128991', 361552);
insert into Telefonos_por_cliente (cliente, telefono) values ('146044', 701412);
insert into Telefonos_por_cliente (cliente, telefono) values ('159080', 880807);
insert into Telefonos_por_cliente (cliente, telefono) values ('164593', 632868);
insert into Telefonos_por_cliente (cliente, telefono) values ('172296', 558467);
insert into Telefonos_por_cliente (cliente, telefono) values ('191885', 400487);
insert into Telefonos_por_cliente (cliente, telefono) values ('199612', 679210);
insert into Telefonos_por_cliente (cliente, telefono) values ('211888', 496614);
insert into Telefonos_por_cliente (cliente, telefono) values ('226672', 860389);
insert into Telefonos_por_cliente (cliente, telefono) values ('230790', 528583);
insert into Telefonos_por_cliente (cliente, telefono) values ('238383', 565446);
insert into Telefonos_por_cliente (cliente, telefono) values ('239316', 245949);
insert into Telefonos_por_cliente (cliente, telefono) values ('264274', 251207);
insert into Telefonos_por_cliente (cliente, telefono) values ('264583', 861407);
insert into Telefonos_por_cliente (cliente, telefono) values ('277639', 386259);
insert into Telefonos_por_cliente (cliente, telefono) values ('281695', 813699);
insert into Telefonos_por_cliente (cliente, telefono) values ('283795', 264437);
insert into Telefonos_por_cliente (cliente, telefono) values ('287619', 789961);
insert into Telefonos_por_cliente (cliente, telefono) values ('288730', 609146);
insert into Telefonos_por_cliente (cliente, telefono) values ('290309', 776589);
insert into Telefonos_por_cliente (cliente, telefono) values ('290847', 226519);
insert into Telefonos_por_cliente (cliente, telefono) values ('291929', 429873);
insert into Telefonos_por_cliente (cliente, telefono) values ('303966', 745480);
insert into Telefonos_por_cliente (cliente, telefono) values ('309677', 532260);
insert into Telefonos_por_cliente (cliente, telefono) values ('315579', 455060);
insert into Telefonos_por_cliente (cliente, telefono) values ('323337', 344346);
insert into Telefonos_por_cliente (cliente, telefono) values ('355358', 370824);
insert into Telefonos_por_cliente (cliente, telefono) values ('357112', 297122);
insert into Telefonos_por_cliente (cliente, telefono) values ('368284', 723644);
insert into Telefonos_por_cliente (cliente, telefono) values ('377502', 703500);
insert into Telefonos_por_cliente (cliente, telefono) values ('381620', 581004);
insert into Telefonos_por_cliente (cliente, telefono) values ('386621', 504438);
insert into Telefonos_por_cliente (cliente, telefono) values ('390146', 401585);
insert into Telefonos_por_cliente (cliente, telefono) values ('401723', 387693);
insert into Telefonos_por_cliente (cliente, telefono) values ('407046', 504174);
insert into Telefonos_por_cliente (cliente, telefono) values ('408763', 480146);
insert into Telefonos_por_cliente (cliente, telefono) values ('411982', 299445);
insert into Telefonos_por_cliente (cliente, telefono) values ('418163', 213620);
insert into Telefonos_por_cliente (cliente, telefono) values ('425507', 448585);
insert into Telefonos_por_cliente (cliente, telefono) values ('431001', 350495);
insert into Telefonos_por_cliente (cliente, telefono) values ('439412', 649941);
insert into Telefonos_por_cliente (cliente, telefono) values ('441729', 549149);
insert into Telefonos_por_cliente (cliente, telefono) values ('448965', 382801);
insert into Telefonos_por_cliente (cliente, telefono) values ('449319', 372197);
insert into Telefonos_por_cliente (cliente, telefono) values ('449635', 828913);
insert into Telefonos_por_cliente (cliente, telefono) values ('456986', 470688);
insert into Telefonos_por_cliente (cliente, telefono) values ('462087', 762242);
insert into Telefonos_por_cliente (cliente, telefono) values ('475592', 547848);
insert into Telefonos_por_cliente (cliente, telefono) values ('477542', 868561);
insert into Telefonos_por_cliente (cliente, telefono) values ('497099', 783936);
insert into Telefonos_por_cliente (cliente, telefono) values ('128991', 273069);
insert into Telefonos_por_cliente (cliente, telefono) values ('146044', 528022);
insert into Telefonos_por_cliente (cliente, telefono) values ('159080', 764686);
insert into Telefonos_por_cliente (cliente, telefono) values ('164593', 612916);
insert into Telefonos_por_cliente (cliente, telefono) values ('172296', 213176);
insert into Telefonos_por_cliente (cliente, telefono) values ('191885', 772778);
insert into Telefonos_por_cliente (cliente, telefono) values ('199612', 897393);
insert into Telefonos_por_cliente (cliente, telefono) values ('211888', 377658);
insert into Telefonos_por_cliente (cliente, telefono) values ('226672', 577339);
insert into Telefonos_por_cliente (cliente, telefono) values ('230790', 545599);
insert into Telefonos_por_cliente (cliente, telefono) values ('238383', 326356);
insert into Telefonos_por_cliente (cliente, telefono) values ('239316', 646180);
insert into Telefonos_por_cliente (cliente, telefono) values ('264274', 711278);
insert into Telefonos_por_cliente (cliente, telefono) values ('264583', 490716);
insert into Telefonos_por_cliente (cliente, telefono) values ('277639', 822231);
insert into Telefonos_por_cliente (cliente, telefono) values ('281695', 764422);
insert into Telefonos_por_cliente (cliente, telefono) values ('283795', 847496);
insert into Telefonos_por_cliente (cliente, telefono) values ('287619', 611879);
insert into Telefonos_por_cliente (cliente, telefono) values ('288730', 265711);
insert into Telefonos_por_cliente (cliente, telefono) values ('290309', 496821);
insert into Telefonos_por_cliente (cliente, telefono) values ('290847', 437028);
insert into Telefonos_por_cliente (cliente, telefono) values ('291929', 633523);
insert into Telefonos_por_cliente (cliente, telefono) values ('303966', 216379);
insert into Telefonos_por_cliente (cliente, telefono) values ('309677', 591137);
insert into Telefonos_por_cliente (cliente, telefono) values ('315579', 773512);
insert into Telefonos_por_cliente (cliente, telefono) values ('323337', 803551);
insert into Telefonos_por_cliente (cliente, telefono) values ('355358', 785521);
insert into Telefonos_por_cliente (cliente, telefono) values ('357112', 647897);
insert into Telefonos_por_cliente (cliente, telefono) values ('368284', 596589);
insert into Telefonos_por_cliente (cliente, telefono) values ('377502', 437218);
insert into Telefonos_por_cliente (cliente, telefono) values ('381620', 851430);
insert into Telefonos_por_cliente (cliente, telefono) values ('386621', 489365);
insert into Telefonos_por_cliente (cliente, telefono) values ('390146', 429919);
insert into Telefonos_por_cliente (cliente, telefono) values ('401723', 207622);
insert into Telefonos_por_cliente (cliente, telefono) values ('407046', 429917);
insert into Telefonos_por_cliente (cliente, telefono) values ('408763', 431886);
insert into Telefonos_por_cliente (cliente, telefono) values ('411982', 518044);
insert into Telefonos_por_cliente (cliente, telefono) values ('418163', 456044);
insert into Telefonos_por_cliente (cliente, telefono) values ('425507', 718400);
insert into Telefonos_por_cliente (cliente, telefono) values ('431001', 481274);
insert into Telefonos_por_cliente (cliente, telefono) values ('439412', 707141);
insert into Telefonos_por_cliente (cliente, telefono) values ('441729', 368195);
insert into Telefonos_por_cliente (cliente, telefono) values ('448965', 293599);
insert into Telefonos_por_cliente (cliente, telefono) values ('449319', 860022);
insert into Telefonos_por_cliente (cliente, telefono) values ('449635', 658275);
insert into Telefonos_por_cliente (cliente, telefono) values ('456986', 528050);
insert into Telefonos_por_cliente (cliente, telefono) values ('462087', 406805);
insert into Telefonos_por_cliente (cliente, telefono) values ('475592', 860408);
insert into Telefonos_por_cliente (cliente, telefono) values ('477542', 648532);
insert into Telefonos_por_cliente (cliente, telefono) values ('497099', 295444);

-- Trabajador_por_sucursal

insert into Trabajador_por_Sucursal (cedula_trabajador, nombre_sucursal) values (888905, 'D''Amore Bins and McKenzie');
insert into Trabajador_por_Sucursal (cedula_trabajador, nombre_sucursal) values (889218, 'Dickens Emard and Hane');
insert into Trabajador_por_Sucursal (cedula_trabajador, nombre_sucursal) values (889622, 'Durgan Bradtke and Paucek');
insert into Trabajador_por_Sucursal (cedula_trabajador, nombre_sucursal) values (890225, 'Franecki Miller and Hyatt');
insert into Trabajador_por_Sucursal (cedula_trabajador, nombre_sucursal) values (892745, 'Kerluke Jaskolski and Ondricka');
insert into Trabajador_por_Sucursal (cedula_trabajador, nombre_sucursal) values (893342, 'Larkin Group');
insert into Trabajador_por_Sucursal (cedula_trabajador, nombre_sucursal) values (895170, 'McGlynn-Cremin');
insert into Trabajador_por_Sucursal (cedula_trabajador, nombre_sucursal) values (895624, 'Predovic-Macejkovic');
insert into Trabajador_por_Sucursal (cedula_trabajador, nombre_sucursal) values (897178, 'Rice Bailey and Crist');
insert into Trabajador_por_Sucursal (cedula_trabajador, nombre_sucursal) values (897214, 'Schiller Pfeffer and Leffler');
insert into Trabajador_por_Sucursal (cedula_trabajador, nombre_sucursal) values (898136, 'Schneider Bayer and Cummings');
insert into Trabajador_por_Sucursal (cedula_trabajador, nombre_sucursal) values (898427, 'Terry-Von');
insert into Trabajador_por_Sucursal (cedula_trabajador, nombre_sucursal) values (899560, 'Toy Inc');
insert into Trabajador_por_Sucursal (cedula_trabajador, nombre_sucursal) values (901757, 'Veum and Sons');
insert into Trabajador_por_Sucursal (cedula_trabajador, nombre_sucursal) values (904969, 'Witting Group');
insert into Trabajador_por_Sucursal (cedula_trabajador, nombre_sucursal) values (905029, 'D''Amore Bins and McKenzie');
insert into Trabajador_por_Sucursal (cedula_trabajador, nombre_sucursal) values (906319, 'Dickens Emard and Hane');
insert into Trabajador_por_Sucursal (cedula_trabajador, nombre_sucursal) values (909640, 'Durgan Bradtke and Paucek');
insert into Trabajador_por_Sucursal (cedula_trabajador, nombre_sucursal) values (911418, 'Franecki Miller and Hyatt');
insert into Trabajador_por_Sucursal (cedula_trabajador, nombre_sucursal) values (915907, 'Kerluke Jaskolski and Ondricka');
insert into Trabajador_por_Sucursal (cedula_trabajador, nombre_sucursal) values (916840, 'Larkin Group');
insert into Trabajador_por_Sucursal (cedula_trabajador, nombre_sucursal) values (917834, 'McGlynn-Cremin');
insert into Trabajador_por_Sucursal (cedula_trabajador, nombre_sucursal) values (918042, 'Predovic-Macejkovic');
insert into Trabajador_por_Sucursal (cedula_trabajador, nombre_sucursal) values (918195, 'Rice Bailey and Crist');
insert into Trabajador_por_Sucursal (cedula_trabajador, nombre_sucursal) values (919727, 'Schiller Pfeffer and Leffler');
insert into Trabajador_por_Sucursal (cedula_trabajador, nombre_sucursal) values (920213, 'Schneider Bayer and Cummings');
insert into Trabajador_por_Sucursal (cedula_trabajador, nombre_sucursal) values (921911, 'Terry-Von');
insert into Trabajador_por_Sucursal (cedula_trabajador, nombre_sucursal) values (922957, 'Toy Inc');
insert into Trabajador_por_Sucursal (cedula_trabajador, nombre_sucursal) values (924051, 'Veum and Sons');
insert into Trabajador_por_Sucursal (cedula_trabajador, nombre_sucursal) values (924740, 'Witting Group');
insert into Trabajador_por_Sucursal (cedula_trabajador, nombre_sucursal) values (925144, 'D''Amore Bins and McKenzie');
insert into Trabajador_por_Sucursal (cedula_trabajador, nombre_sucursal) values (925461, 'Dickens Emard and Hane');
insert into Trabajador_por_Sucursal (cedula_trabajador, nombre_sucursal) values (926871, 'Durgan Bradtke and Paucek');
insert into Trabajador_por_Sucursal (cedula_trabajador, nombre_sucursal) values (928801, 'Franecki Miller and Hyatt');
insert into Trabajador_por_Sucursal (cedula_trabajador, nombre_sucursal) values (929967, 'Kerluke Jaskolski and Ondricka');
insert into Trabajador_por_Sucursal (cedula_trabajador, nombre_sucursal) values (931460, 'Larkin Group');
insert into Trabajador_por_Sucursal (cedula_trabajador, nombre_sucursal) values (932332, 'McGlynn-Cremin');
insert into Trabajador_por_Sucursal (cedula_trabajador, nombre_sucursal) values (932451, 'Predovic-Macejkovic');
insert into Trabajador_por_Sucursal (cedula_trabajador, nombre_sucursal) values (933479, 'Rice Bailey and Crist');
insert into Trabajador_por_Sucursal (cedula_trabajador, nombre_sucursal) values (934520, 'Schiller Pfeffer and Leffler');
insert into Trabajador_por_Sucursal (cedula_trabajador, nombre_sucursal) values (935686, 'Schneider Bayer and Cummings');
insert into Trabajador_por_Sucursal (cedula_trabajador, nombre_sucursal) values (935998, 'Terry-Von');
insert into Trabajador_por_Sucursal (cedula_trabajador, nombre_sucursal) values (937371, 'Toy Inc');
insert into Trabajador_por_Sucursal (cedula_trabajador, nombre_sucursal) values (937836, 'Veum and Sons');
insert into Trabajador_por_Sucursal (cedula_trabajador, nombre_sucursal) values (939127, 'Witting Group');
insert into Trabajador_por_Sucursal (cedula_trabajador, nombre_sucursal) values (939149, 'D''Amore Bins and McKenzie');
insert into Trabajador_por_Sucursal (cedula_trabajador, nombre_sucursal) values (940067, 'Dickens Emard and Hane');
insert into Trabajador_por_Sucursal (cedula_trabajador, nombre_sucursal) values (941287, 'Durgan Bradtke and Paucek');
insert into Trabajador_por_Sucursal (cedula_trabajador, nombre_sucursal) values (945058, 'Franecki Miller and Hyatt');
insert into Trabajador_por_Sucursal (cedula_trabajador, nombre_sucursal) values (945718, 'Kerluke Jaskolski and Ondricka');
insert into Trabajador_por_Sucursal (cedula_trabajador, nombre_sucursal) values (945817, 'Larkin Group');
insert into Trabajador_por_Sucursal (cedula_trabajador, nombre_sucursal) values (946378, 'McGlynn-Cremin');
insert into Trabajador_por_Sucursal (cedula_trabajador, nombre_sucursal) values (947975, 'Predovic-Macejkovic');
insert into Trabajador_por_Sucursal (cedula_trabajador, nombre_sucursal) values (948710, 'Rice Bailey and Crist');
insert into Trabajador_por_Sucursal (cedula_trabajador, nombre_sucursal) values (950169, 'Schiller Pfeffer and Leffler');
insert into Trabajador_por_Sucursal (cedula_trabajador, nombre_sucursal) values (950501, 'Schneider Bayer and Cummings');
insert into Trabajador_por_Sucursal (cedula_trabajador, nombre_sucursal) values (951592, 'Terry-Von');
insert into Trabajador_por_Sucursal (cedula_trabajador, nombre_sucursal) values (952008, 'Toy Inc');
insert into Trabajador_por_Sucursal (cedula_trabajador, nombre_sucursal) values (953742, 'Veum and Sons');
insert into Trabajador_por_Sucursal (cedula_trabajador, nombre_sucursal) values (954121, 'Witting Group');
insert into Trabajador_por_Sucursal (cedula_trabajador, nombre_sucursal) values (955543, 'D''Amore Bins and McKenzie');
insert into Trabajador_por_Sucursal (cedula_trabajador, nombre_sucursal) values (956525, 'Dickens Emard and Hane');
insert into Trabajador_por_Sucursal (cedula_trabajador, nombre_sucursal) values (960532, 'Durgan Bradtke and Paucek');
insert into Trabajador_por_Sucursal (cedula_trabajador, nombre_sucursal) values (961979, 'Franecki Miller and Hyatt');
insert into Trabajador_por_Sucursal (cedula_trabajador, nombre_sucursal) values (962729, 'Kerluke Jaskolski and Ondricka');
insert into Trabajador_por_Sucursal (cedula_trabajador, nombre_sucursal) values (962848, 'Larkin Group');
insert into Trabajador_por_Sucursal (cedula_trabajador, nombre_sucursal) values (963763, 'McGlynn-Cremin');
insert into Trabajador_por_Sucursal (cedula_trabajador, nombre_sucursal) values (965486, 'Predovic-Macejkovic');
insert into Trabajador_por_Sucursal (cedula_trabajador, nombre_sucursal) values (965623, 'Rice Bailey and Crist');
insert into Trabajador_por_Sucursal (cedula_trabajador, nombre_sucursal) values (966057, 'Schiller Pfeffer and Leffler');
insert into Trabajador_por_Sucursal (cedula_trabajador, nombre_sucursal) values (967188, 'Schneider Bayer and Cummings');
insert into Trabajador_por_Sucursal (cedula_trabajador, nombre_sucursal) values (968217, 'Terry-Von');
insert into Trabajador_por_Sucursal (cedula_trabajador, nombre_sucursal) values (968660, 'Toy Inc');
insert into Trabajador_por_Sucursal (cedula_trabajador, nombre_sucursal) values (969400, 'Veum and Sons');
insert into Trabajador_por_Sucursal (cedula_trabajador, nombre_sucursal) values (970140, 'Witting Group');
insert into Trabajador_por_Sucursal (cedula_trabajador, nombre_sucursal) values (971055, 'D''Amore Bins and McKenzie');
insert into Trabajador_por_Sucursal (cedula_trabajador, nombre_sucursal) values (973523, 'Dickens Emard and Hane');
insert into Trabajador_por_Sucursal (cedula_trabajador, nombre_sucursal) values (975405, 'Durgan Bradtke and Paucek');
insert into Trabajador_por_Sucursal (cedula_trabajador, nombre_sucursal) values (975481, 'Franecki Miller and Hyatt');
insert into Trabajador_por_Sucursal (cedula_trabajador, nombre_sucursal) values (975882, 'Kerluke Jaskolski and Ondricka');
insert into Trabajador_por_Sucursal (cedula_trabajador, nombre_sucursal) values (975991, 'Larkin Group');
insert into Trabajador_por_Sucursal (cedula_trabajador, nombre_sucursal) values (979208, 'McGlynn-Cremin');
insert into Trabajador_por_Sucursal (cedula_trabajador, nombre_sucursal) values (979344, 'Predovic-Macejkovic');
insert into Trabajador_por_Sucursal (cedula_trabajador, nombre_sucursal) values (980655, 'Rice Bailey and Crist');
insert into Trabajador_por_Sucursal (cedula_trabajador, nombre_sucursal) values (980828, 'Schiller Pfeffer and Leffler');
insert into Trabajador_por_Sucursal (cedula_trabajador, nombre_sucursal) values (980961, 'Schneider Bayer and Cummings');
insert into Trabajador_por_Sucursal (cedula_trabajador, nombre_sucursal) values (982082, 'Terry-Von');
insert into Trabajador_por_Sucursal (cedula_trabajador, nombre_sucursal) values (982423, 'Toy Inc');
insert into Trabajador_por_Sucursal (cedula_trabajador, nombre_sucursal) values (982473, 'Veum and Sons');
insert into Trabajador_por_Sucursal (cedula_trabajador, nombre_sucursal) values (982611, 'Witting Group');
insert into Trabajador_por_Sucursal (cedula_trabajador, nombre_sucursal) values (983322, 'D''Amore Bins and McKenzie');
insert into Trabajador_por_Sucursal (cedula_trabajador, nombre_sucursal) values (984385, 'Dickens Emard and Hane');
insert into Trabajador_por_Sucursal (cedula_trabajador, nombre_sucursal) values (988140, 'Durgan Bradtke and Paucek');
insert into Trabajador_por_Sucursal (cedula_trabajador, nombre_sucursal) values (989356, 'Franecki Miller and Hyatt');
insert into Trabajador_por_Sucursal (cedula_trabajador, nombre_sucursal) values (989612, 'Kerluke Jaskolski and Ondricka');
insert into Trabajador_por_Sucursal (cedula_trabajador, nombre_sucursal) values (990239, 'Larkin Group');
insert into Trabajador_por_Sucursal (cedula_trabajador, nombre_sucursal) values (992426, 'McGlynn-Cremin');
insert into Trabajador_por_Sucursal (cedula_trabajador, nombre_sucursal) values (995996, 'Predovic-Macejkovic');
insert into Trabajador_por_Sucursal (cedula_trabajador, nombre_sucursal) values (996916, 'Rice Bailey and Crist');
insert into Trabajador_por_Sucursal (cedula_trabajador, nombre_sucursal) values (999108, 'Schiller Pfeffer and Leffler');